episode,total_reward,steps,success,epsilon,q_states
1,-735,200,0,0.999,58
2,-357,127,1,0.998001,73
3,-639,200,0,0.997002999,103
4,100,1,1,0.996005996001,104
5,-217,98,1,0.995009990004999,143
6,-688,200,0,0.994014980014994,181
7,-596,200,0,0.993020965034979,226
8,-30,33,1,0.9920279440699441,236
9,-808,200,0,0.9910359161258742,262
10,-828,200,0,0.9900448802097482,291
11,-752,200,0,0.9890548353295385,335
12,-343,141,1,0.988065780494209,370
13,-93,71,1,0.9870777147137147,397
14,-813,200,0,0.986090636999001,436
15,-571,200,0,0.9851045463620021,482
16,-121,68,1,0.98411944181564,507
17,-938,200,0,0.9831353223738244,539
18,-18,48,1,0.9821521870514506,550
19,-681,200,0,0.9811700348643991,587
20,-762,200,0,0.9801888648295347,612
21,-242,122,1,0.9792086759647052,640
22,-706,200,0,0.9782294672887405,688
23,-480,193,1,0.9772512378214517,739
24,-646,200,0,0.9762739865836303,782
25,-643,200,0,0.9752977125970467,796
26,-719,200,0,0.9743224148844496,853
27,-716,200,0,0.9733480924695651,910
28,-352,162,1,0.9723747443770956,945
29,-636,200,0,0.9714023696327185,993
30,-693,200,0,0.9704309672630859,1020
31,-595,200,0,0.9694605362958227,1084
32,-256,103,1,0.9684910757595269,1126
33,-7,36,1,0.9675225846837673,1139
34,-579,200,0,0.9665550620990835,1160
35,-348,162,1,0.9655885070369844,1219
36,-850,200,0,0.9646229185299474,1257
37,-556,200,0,0.9636582956114175,1315
38,-150,80,1,0.9626946373158061,1333
39,-101,65,1,0.9617319426784903,1361
40,-433,200,0,0.9607702107358118,1404
41,-621,200,0,0.959809440525076,1453
42,-626,199,1,0.9588496310845509,1519
43,-700,200,0,0.9578907814534664,1564
44,11,15,1,0.9569328906720129,1570
45,-501,189,1,0.9559759577813409,1610
46,-451,199,1,0.9550199818235596,1654
47,-634,200,0,0.9540649618417361,1712
48,-828,200,0,0.9531108968798944,1747
49,-659,200,0,0.9521577859830145,1793
50,-18,62,1,0.9512056281970315,1815
51,-318,143,1,0.9502544225688344,1854
52,-686,200,0,0.9493041681462656,1896
53,-572,200,0,0.9483548639781193,1934
54,-610,200,0,0.9474065091141411,1990
55,-621,200,0,0.946459102605027,2031
56,-354,174,1,0.9455126435024219,2084
57,-672,200,0,0.9445671308589195,2131
58,23,37,1,0.9436225637280606,2146
59,-653,200,0,0.9426789411643326,2188
60,-399,152,1,0.9417362622231683,2219
61,-580,200,0,0.9407945259609451,2275
62,-676,200,0,0.9398537314349842,2309
63,-790,200,0,0.9389138777035492,2343
64,-740,200,0,0.9379749638258457,2391
65,-629,200,0,0.9370369888620198,2442
66,-205,106,1,0.9360999518731578,2473
67,-513,200,0,0.9351638519212846,2518
68,-686,200,0,0.9342286880693633,2548
69,-526,200,0,0.933294459381294,2584
70,-584,200,0,0.9323611649219127,2626
71,-557,200,0,0.9314288037569908,2663
72,-221,123,1,0.9304973749532338,2699
73,-286,130,1,0.9295668775782806,2724
74,-669,200,0,0.9286373107007023,2783
75,-159,75,1,0.9277086733900016,2808
76,-706,200,0,0.9267809647166116,2858
77,35,22,1,0.925854183751895,2865
78,-450,185,1,0.9249283295681431,2918
79,-626,200,0,0.9240034012385749,2953
80,-79,56,1,0.9230793978373364,2978
81,-801,200,0,0.9221563184394991,3002
82,-410,163,1,0.9212341621210596,3040
83,-57,49,1,0.9203129279589385,3054
84,-583,200,0,0.9193926150309796,3104
85,27,32,1,0.9184732224159486,3115
86,-45,58,1,0.9175547491935327,3137
87,-58,78,1,0.9166371944443392,3156
88,-234,118,1,0.9157205572498949,3191
89,-547,200,0,0.914804836692645,3240
90,-656,200,0,0.9138900318559524,3291
91,100,1,1,0.9129761418240965,3292
92,-514,200,1,0.9120631656822724,3334
93,-598,200,0,0.9111511025165902,3376
94,-38,35,1,0.9102399514140735,3391
95,-686,200,0,0.9093297114626595,3449
96,-506,200,0,0.9084203817511969,3496
97,0,56,1,0.9075119613694457,3507
98,-13,39,1,0.9066044494080763,3520
99,-704,200,0,0.9056978449586682,3565
100,-529,200,0,0.9047921471137096,3604
101,-283,126,1,0.9038873549665959,3649
102,-722,200,0,0.9029834676116293,3707
103,-703,200,0,0.9020804841440176,3747
104,100,1,1,0.9011784036598737,3748
105,-608,200,0,0.9002772252562138,3805
106,-563,200,0,0.8993769480309576,3868
107,48,17,1,0.8984775710829266,3874
108,-331,162,1,0.8975790935118436,3917
109,-227,117,1,0.8966815144183318,3941
110,-602,200,0,0.8957848329039134,3987
111,-558,200,0,0.8948890480710096,4016
112,-173,91,1,0.8939941590229386,4045
113,-643,200,0,0.8931001648639156,4086
114,71,10,1,0.8922070646990518,4090
115,-651,200,0,0.8913148576343527,4159
116,8,36,1,0.8904235427767183,4173
117,-415,199,1,0.8895331192339416,4220
118,-469,200,0,0.8886435861147077,4286
119,18,32,1,0.887754942528593,4295
120,-388,174,1,0.8868671875860644,4334
121,-632,200,0,0.8859803203984784,4359
122,-574,200,0,0.88509434007808,4423
123,-741,200,0,0.8842092457380019,4447
124,-72,53,1,0.8833250364922639,4460
125,-637,200,0,0.8824417114557717,4509
126,-50,55,1,0.8815592697443159,4524
127,-731,200,0,0.8806777104745716,4556
128,-46,51,1,0.8797970327640969,4569
129,-84,53,1,0.8789172357313328,4584
130,-608,200,0,0.8780383184956015,4605
131,-718,200,0,0.8771602801771059,4647
132,102,2,1,0.8762831198969288,4649
133,-47,63,1,0.8754068367770318,4667
134,-641,200,0,0.8745314299402548,4693
135,-489,200,0,0.8736568985103146,4722
136,-554,200,0,0.8727832416118043,4759
137,-540,200,0,0.8719104583701925,4793
138,-106,85,1,0.8710385479118223,4811
139,-568,200,0,0.8701675093639105,4848
140,-122,90,1,0.8692973418545467,4856
141,-358,156,1,0.8684280445126921,4892
142,-173,92,1,0.8675596164681794,4912
143,-54,77,1,0.8666920568517111,4946
144,-585,200,0,0.8658253647948594,4999
145,-124,94,1,0.8649595394300645,5030
146,-662,200,0,0.8640945798906344,5090
147,-594,200,0,0.8632304853107438,5118
148,-31,52,1,0.862367254825433,5144
149,-504,194,1,0.8615048875706075,5185
150,-660,200,0,0.8606433826830369,5233
151,-63,77,1,0.8597827393003539,5239
152,68,10,1,0.8589229565610536,5245
153,-319,103,1,0.8580640336044925,5271
154,71,5,1,0.857205969570888,5273
155,-618,200,0,0.8563487636013172,5311
156,50,11,1,0.8554924148377159,5316
157,-623,200,0,0.8546369224228781,5366
158,-625,200,0,0.8537822855004553,5420
159,-301,167,1,0.8529285032149548,5439
160,-3,47,1,0.8520755747117399,5459
161,-26,63,1,0.8512234991370281,5469
162,-611,200,0,0.8503722756378911,5519
163,-90,89,1,0.8495219033622532,5541
164,-749,200,0,0.8486723814588909,5569
165,104,3,1,0.847823709077432,5569
166,48,32,1,0.8469758853683546,5588
167,-317,144,1,0.8461289094829862,5609
168,-431,161,1,0.8452827805735033,5650
169,-283,145,1,0.8444374977929298,5691
170,-601,200,0,0.8435930602951368,5742
171,-133,96,1,0.8427494672348417,5778
172,54,24,1,0.8419067177676068,5788
173,-237,109,1,0.8410648110498392,5806
174,-289,116,1,0.8402237462387894,5843
175,-570,200,0,0.8393835224925505,5874
176,-305,172,1,0.838544138970058,5903
177,-35,66,1,0.8377055948310879,5925
178,-475,200,0,0.8368678892362568,5951
179,-597,200,0,0.8360310213470206,6005
180,4,28,1,0.8351949903256736,6014
181,-354,144,1,0.8343597953353479,6052
182,89,11,1,0.8335254355400126,6058
183,-388,161,1,0.8326919101044725,6093
184,-426,200,0,0.831859218194368,6160
185,-26,25,1,0.8310273589761736,6165
186,-360,173,1,0.8301963316171974,6204
187,-556,200,0,0.8293661352855802,6228
188,-697,200,0,0.8285367691502946,6267
189,-338,144,1,0.8277082323811443,6293
190,93,5,1,0.8268805241487632,6297
191,-372,174,1,0.8260536436246144,6329
192,-501,177,1,0.8252275899809898,6363
193,-226,140,1,0.8244023623910088,6376
194,-178,114,1,0.8235779600286178,6388
195,102,2,1,0.8227543820685892,6390
196,-7,51,1,0.8219316276865206,6400
197,28,35,1,0.8211096960588341,6413
198,-240,127,1,0.8202885863627752,6447
199,-210,109,1,0.8194682977764125,6471
200,-507,180,1,0.818648829478636,6491
201,35,21,1,0.8178301806491574,6496
202,-30,49,1,0.8170123504685082,6503
203,-219,125,1,0.8161953381180397,6533
204,-595,200,0,0.8153791427799216,6562
205,-463,171,1,0.8145637636371417,6602
206,-190,113,1,0.8137491998735046,6642
207,-333,135,1,0.812935450673631,6668
208,-383,145,1,0.8121225152229574,6714
209,-522,200,0,0.8113103927077344,6752
210,-6,53,1,0.8104990823150267,6759
211,-531,200,0,0.8096885832327116,6779
212,-115,98,1,0.8088788946494789,6792
213,-532,200,0,0.8080700157548294,6838
214,-314,168,1,0.8072619457390746,6879
215,-677,200,0,0.8064546837933355,6911
216,110,10,1,0.8056482291095421,6920
217,-644,200,0,0.8048425808804326,6964
218,-479,200,0,0.8040377382995522,7023
219,-633,200,0,0.8032337005612527,7088
220,68,15,1,0.8024304668606914,7093
221,-349,139,1,0.8016280363938307,7121
222,-437,200,0,0.8008264083574369,7180
223,-372,164,1,0.8000255819490795,7215
224,-146,69,1,0.7992255563671304,7232
225,-530,200,0,0.7984263308107633,7277
226,5,43,1,0.7976279044799526,7289
227,-184,89,1,0.7968302765754727,7306
228,-120,84,1,0.7960334462988972,7331
229,-584,200,0,0.7952374128525983,7359
230,-389,172,1,0.7944421754397457,7409
231,-467,167,1,0.7936477332643059,7457
232,-177,102,1,0.7928540855310416,7470
233,-356,163,1,0.7920612314455105,7515
234,-321,143,1,0.7912691702140651,7541
235,-118,90,1,0.790477901043851,7564
236,-337,152,1,0.7896874231428072,7599
237,100,1,1,0.7888977357196644,7600
238,-335,170,1,0.7881088379839447,7644
239,-412,189,1,0.7873207291459607,7688
240,-262,104,1,0.7865334084168147,7706
241,-102,69,1,0.7857468750083979,7722
242,47,23,1,0.7849611281333895,7724
243,-385,170,1,0.784176167005256,7743
244,-95,72,1,0.7833919908382508,7768
245,-142,96,1,0.7826085988474126,7786
246,-192,112,1,0.7818259902485653,7814
247,-346,187,1,0.7810441642583167,7866
248,-110,92,1,0.7802631200940584,7870
249,-142,93,1,0.7794828569739644,7903
250,-83,53,1,0.7787033741169904,7926
251,-337,166,1,0.7779246707428734,7971
252,-451,197,1,0.7771467460721305,8022
253,87,11,1,0.7763695993260584,8031
254,-186,98,1,0.7755932297267324,8056
255,25,21,1,0.7748176364970056,8064
256,-115,85,1,0.7740428188605086,8078
257,-341,173,1,0.7732687760416481,8097
258,20,48,1,0.7724955072656065,8111
259,-454,200,0,0.7717230117583408,8170
260,-319,141,1,0.7709512887465825,8212
261,-546,200,0,0.7701803374578359,8259
262,-579,200,0,0.7694101571203781,8302
263,5,73,1,0.7686407469632577,8324
264,-52,69,1,0.7678721062162944,8341
265,-607,200,0,0.7671042341100781,8375
266,80,8,1,0.766337129875968,8381
267,-69,78,1,0.7655707927460921,8408
268,66,19,1,0.764805221953346,8409
269,102,2,1,0.7640404167313927,8410
270,-783,200,0,0.7632763763146613,8451
271,-130,88,1,0.7625130999383466,8479
272,80,12,1,0.7617505868384082,8481
273,88,9,1,0.7609888362515699,8482
274,-633,200,0,0.7602278474153183,8522
275,-558,200,0,0.759467619567903,8562
276,-10,39,1,0.7587081519483351,8574
277,-152,86,1,0.7579494437963867,8597
278,-113,77,1,0.7571914943525904,8619
279,-373,173,1,0.7564343028582378,8664
280,-497,200,0,0.7556778685553796,8699
281,-472,200,0,0.7549221906868242,8729
282,100,1,1,0.7541672684961374,8729
283,-345,182,1,0.7534131012276413,8770
284,-207,135,1,0.7526596881264136,8781
285,-235,104,1,0.7519070284382872,8801
286,-638,200,0,0.7511551214098489,8862
287,-465,200,0,0.750403966288439,8910
288,-100,78,1,0.7496535623221505,8930
289,-220,129,1,0.7489039087598284,8970
290,-151,101,1,0.7481550048510686,9008
291,92,9,1,0.7474068498462175,9010
292,15,34,1,0.7466594429963713,9026
293,-200,129,1,0.745912783553375,9043
294,-251,139,1,0.7451668707698216,9071
295,-547,185,1,0.7444217038990517,9113
296,-518,200,0,0.7436772821951526,9167
297,38,33,1,0.7429336049129575,9168
298,15,37,1,0.7421906713080445,9172
299,50,25,1,0.7414484806367364,9180
300,-268,142,1,0.7407070321560997,9216
301,22,42,1,0.7399663251239436,9224
302,-317,139,1,0.7392263587988196,9258
303,-252,136,1,0.7384871324400207,9282
304,-146,83,1,0.7377486453075807,9291
305,-126,65,1,0.737010896662273,9313
306,-99,90,1,0.7362738857656108,9329
307,78,14,1,0.7355376118798452,9335
308,-222,136,1,0.7348020742679654,9362
309,54,29,1,0.7340672721936974,9372
310,-125,113,1,0.7333332049215037,9390
311,51,21,1,0.7325998717165821,9399
312,-1,64,1,0.7318672718448656,9425
313,-310,186,1,0.7311354045730207,9454
314,75,20,1,0.7304042691684477,9456
315,-293,143,1,0.7296738648992792,9493
316,58,25,1,0.7289441910343799,9505
317,100,1,1,0.7282152468433455,9505
318,82,4,1,0.7274870315965022,9505
319,-505,200,0,0.7267595445649057,9552
320,-495,200,0,0.7260327850203407,9590
321,64,10,1,0.7253067522353204,9594
322,-265,112,1,0.724581445483085,9628
323,-273,143,1,0.723856864037602,9675
324,-344,138,1,0.7231330071735643,9701
325,-537,200,0,0.7224098741663908,9746
326,68,18,1,0.7216874642922244,9750
327,-247,108,1,0.7209657768279322,9778
328,98,6,1,0.7202448110511043,9778
329,-168,137,1,0.7195245662400531,9796
330,-380,200,0,0.7188050416738131,9826
331,-134,84,1,0.7180862366321393,9836
332,-19,40,1,0.7173681503955072,9848
333,-86,96,1,0.7166507822451117,9875
334,-124,132,1,0.7159341314628666,9887
335,-162,118,1,0.7152181973314037,9913
336,-273,154,1,0.7145029791340722,9942
337,77,29,1,0.7137884761549381,9955
338,96,5,1,0.7130746876787832,9955
339,64,9,1,0.7123616129911045,9956
340,-66,77,1,0.7116492513781133,9973
341,-312,134,1,0.7109376021267352,10013
342,-107,109,1,0.7102266645246085,10031
343,-324,152,1,0.7095164378600839,10063
344,-640,200,0,0.7088069214222238,10108
345,-184,117,1,0.7080981145008015,10149
346,-129,71,1,0.7073900163863007,10173
347,71,36,1,0.7066826263699144,10176
348,70,7,1,0.7059759437435444,10178
349,-143,98,1,0.7052699677998009,10198
350,-369,157,1,0.704564697832001,10226
351,-17,54,1,0.7038601331341691,10235
352,-256,120,1,0.7031562730010349,10261
353,-3,43,1,0.7024531167280339,10266
354,22,52,1,0.7017506636113059,10283
355,-170,122,1,0.7010489129476946,10313
356,-199,95,1,0.7003478640347469,10333
357,-185,91,1,0.6996475161707122,10351
358,7,69,1,0.6989478686545415,10365
359,59,31,1,0.698248920785887,10379
360,-135,73,1,0.6975506718651011,10393
361,-8,61,1,0.6968531211932361,10405
362,-101,84,1,0.6961562680720428,10428
363,-58,58,1,0.6954601118039707,10435
364,70,34,1,0.6947646516921667,10439
365,-11,47,1,0.6940698870404746,10456
366,27,44,1,0.6933758171534341,10457
367,64,42,1,0.6926824413362807,10465
368,-295,165,1,0.6919897588949444,10484
369,90,2,1,0.6912977691360495,10485
370,94,8,1,0.6906064713669134,10487
371,-3,59,1,0.6899158648955466,10501
372,-319,143,1,0.689225949030651,10544
373,-194,129,1,0.6885367230816204,10589
374,-36,92,1,0.6878481863585387,10594
375,-167,103,1,0.6871603381721801,10613
376,-201,125,1,0.686473177834008,10631
377,63,24,1,0.685786704656174,10633
378,-113,115,1,0.6851009179515178,10671
379,-42,73,1,0.6844158170335664,10680
380,-12,67,1,0.6837314012165328,10697
381,-67,53,1,0.6830476698153162,10716
382,-164,111,1,0.6823646221455009,10737
383,-263,118,1,0.6816822575233553,10767
384,-51,85,1,0.6810005752658319,10781
385,-161,96,1,0.680319574690566,10805
386,31,39,1,0.6796392551158754,10808
387,97,6,1,0.6789596158607596,10809
388,26,39,1,0.6782806562448989,10821
389,90,6,1,0.677602375588654,10822
390,-220,119,1,0.6769247732130653,10858
391,15,47,1,0.6762478484398523,10873
392,-253,165,1,0.6755716005914124,10908
393,18,56,1,0.674896028990821,10910
394,20,46,1,0.6742211329618302,10922
395,-88,76,1,0.6735469118288684,10946
396,69,20,1,0.6728733649170395,10954
397,-556,200,0,0.6722004915521225,10998
398,-508,200,0,0.6715282910605703,11049
399,-242,126,1,0.6708567627695098,11083
400,-279,155,1,0.6701859060067403,11124
401,0,45,1,0.6695157201007336,11131
402,-99,74,1,0.6688462043806328,11165
403,11,51,1,0.6681773581762521,11174
404,85,14,1,0.6675091808180759,11180
405,-325,135,1,0.6668416716372578,11215
406,100,1,1,0.6661748299656206,11216
407,-107,95,1,0.6655086551356549,11243
408,74,14,1,0.6648431464805192,11245
409,21,59,1,0.6641783033340387,11246
410,9,66,1,0.6635141250307047,11252
411,-91,107,1,0.662850610905674,11287
412,74,16,1,0.6621877602947683,11288
413,64,20,1,0.6615255725344735,11292
414,54,27,1,0.660864046961939,11297
415,-16,48,1,0.660203182914977,11310
416,-69,58,1,0.6595429797320621,11325
417,-95,97,1,0.6588834367523301,11336
418,15,24,1,0.6582245533155777,11343
419,-57,68,1,0.6575663287622622,11369
420,-243,120,1,0.6569087624334999,11416
421,-62,61,1,0.6562518536710664,11434
422,-245,127,1,0.6555956018173954,11476
423,-241,113,1,0.654940006215578,11509
424,-155,129,1,0.6542850662093624,11529
425,22,43,1,0.6536307811431531,11539
426,-19,71,1,0.65297715036201,11547
427,26,37,1,0.6523241732116479,11557
428,-195,134,1,0.6516718490384363,11600
429,67,17,1,0.6510201771893979,11605
430,3,43,1,0.6503691570122084,11612
431,-6,48,1,0.6497187878551962,11628
432,-7,53,1,0.649069069067341,11635
433,35,34,1,0.6484199999982736,11637
434,101,10,1,0.6477715799982753,11643
435,-122,82,1,0.647123808418277,11658
436,102,11,1,0.6464766846098587,11658
437,97,3,1,0.6458302079252489,11661
438,9,63,1,0.6451843777173236,11666
439,-310,146,1,0.6445391933396063,11701
440,84,15,1,0.6438946541462667,11708
441,67,31,1,0.6432507594921204,11711
442,102,3,1,0.6426075087326283,11711
443,42,54,1,0.6419649012238956,11729
444,-261,167,1,0.6413229363226717,11753
445,52,51,1,0.640681613386349,11770
446,78,26,1,0.6400409317729626,11772
447,-35,61,1,0.6394008908411897,11796
448,13,41,1,0.6387614899503485,11812
449,-182,151,1,0.6381227284603982,11835
450,-341,119,1,0.6374846057319378,11869
451,22,52,1,0.6368471211262058,11874
452,-663,200,0,0.6362102740050796,11912
453,-178,94,1,0.6355740637310745,11940
454,36,44,1,0.6349384896673435,11948
455,-175,98,1,0.6343035511776761,11963
456,-574,200,0,0.6336692476264985,12007
457,53,19,1,0.6330355783788719,12011
458,-7,43,1,0.632402542800493,12026
459,-199,88,1,0.6317701402576925,12055
460,100,7,1,0.6311383701174348,12060
461,-171,102,1,0.6305072317473174,12096
462,-176,123,1,0.6298767245155701,12135
463,-69,82,1,0.6292468477910546,12152
464,49,24,1,0.6286176009432635,12162
465,-594,200,0,0.6279889833423202,12234
466,61,31,1,0.6273609943589779,12241
467,-11,60,1,0.6267336333646188,12254
468,-131,100,1,0.6261068997312542,12285
469,-149,82,1,0.6254807928315229,12305
470,-28,52,1,0.6248553120386914,12328
471,-82,77,1,0.6242304567266527,12336
472,-61,53,1,0.623606226269926,12345
473,57,40,1,0.6229826200436561,12359
474,27,35,1,0.6223596374236124,12362
475,46,22,1,0.6217372777861888,12365
476,-29,66,1,0.6211155405084027,12374
477,-96,85,1,0.6204944249678943,12400
478,-567,200,0,0.6198739305429264,12449
479,2,54,1,0.6192540566123834,12456
480,104,3,1,0.6186348025557711,12456
481,98,6,1,0.6180161677532153,12456
482,21,73,1,0.6173981515854621,12473
483,100,7,1,0.6167807534338766,12477
484,-366,178,1,0.6161639726804428,12524
485,-132,110,1,0.6155478087077623,12546
486,-125,69,1,0.6149322608990545,12574
487,-76,92,1,0.6143173286381555,12607
488,-158,91,1,0.6137030113095173,12632
489,80,17,1,0.6130893082982078,12633
490,-167,89,1,0.6124762189899097,12660
491,-290,172,1,0.6118637427709198,12681
492,-243,149,1,0.6112518790281489,12719
493,-2,43,1,0.6106406271491208,12734
494,86,11,1,0.6100299865219717,12737
495,18,33,1,0.6094199565354498,12742
496,-107,106,1,0.6088105365789144,12758
497,101,2,1,0.6082017260423355,12758
498,-12,64,1,0.6075935243162931,12781
499,-18,46,1,0.6069859307919768,12796
500,-25,54,1,0.6063789448611848,12818
501,-22,63,1,0.6057725659163237,12824
502,-158,90,1,0.6051667933504074,12838
503,44,22,1,0.6045616265570569,12843
504,-49,67,1,0.6039570649304998,12860
505,88,8,1,0.6033531078655693,12863
506,2,36,1,0.6027497547577038,12873
507,-132,88,1,0.602147005002946,12892
508,-23,57,1,0.6015448579979431,12917
509,-65,81,1,0.6009433131399452,12932
510,62,27,1,0.6003423698268052,12936
511,-43,56,1,0.5997420274569785,12950
512,78,7,1,0.5991422854295215,12952
513,98,9,1,0.598543143144092,12954
514,79,31,1,0.5979446000009478,12961
515,22,22,1,0.5973466554009469,12968
516,23,35,1,0.596749308745546,12977
517,55,33,1,0.5961525594368005,12979
518,-36,66,1,0.5955564068773637,12988
519,-167,108,1,0.5949608504704863,13016
520,56,20,1,0.5943658896200158,13021
521,-31,47,1,0.5937715237303958,13028
522,-36,70,1,0.5931777522066654,13039
523,82,17,1,0.5925845744544587,13041
524,108,5,1,0.5919919898800042,13042
525,-328,134,1,0.5913999978901242,13084
526,73,18,1,0.590808597892234,13085
527,40,20,1,0.5902177892943418,13092
528,-379,174,1,0.5896275715050474,13122
529,-23,70,1,0.5890379439335424,13128
530,-160,102,1,0.5884489059896089,13137
531,-112,72,1,0.5878604570836192,13153
532,-37,49,1,0.5872725966265356,13155
533,-21,44,1,0.5866853240299091,13167
534,-97,87,1,0.5860986387058792,13204
535,24,26,1,0.5855125400671733,13212
536,-12,48,1,0.5849270275271061,13223
537,47,58,1,0.584342100499579,13237
538,-136,101,1,0.5837577583990794,13267
539,54,20,1,0.5831740006406804,13272
540,83,11,1,0.5825908266400397,13275
541,30,27,1,0.5820082358133997,13283
542,-63,116,1,0.5814262275775862,13304
543,-186,114,1,0.5808448013500086,13327
544,-146,109,1,0.5802639565486586,13359
545,-117,96,1,0.57968369259211,13374
546,-64,67,1,0.5791040088995179,13383
547,46,56,1,0.5785249048906184,13398
548,84,18,1,0.5779463799857277,13400
549,98,3,1,0.577368433605742,13400
550,-28,59,1,0.5767910651721362,13420
551,76,19,1,0.576214274106964,13423
552,47,52,1,0.5756380598328571,13437
553,14,45,1,0.5750624217730242,13446
554,88,10,1,0.5744873593512512,13448
555,18,46,1,0.5739128719918999,13454
556,87,24,1,0.573338959119908,13462
557,100,32,1,0.572765620160788,13467
558,30,34,1,0.5721928545406272,13477
559,22,43,1,0.5716206616860866,13488
560,-91,83,1,0.5710490410244006,13504
561,-104,91,1,0.5704779919833761,13522
562,87,10,1,0.5699075139913927,13525
563,-9,53,1,0.5693376064774013,13535
564,19,57,1,0.5687682688709239,13549
565,23,62,1,0.5681995006020529,13579
566,61,17,1,0.5676313011014509,13580
567,-56,88,1,0.5670636698003494,13586
568,-118,73,1,0.5664966061305491,13612
569,26,49,1,0.5659301095244186,13618
570,92,3,1,0.5653641794148941,13618
571,-2,39,1,0.5647988152354793,13622
572,20,65,1,0.5642340164202437,13634
573,-60,81,1,0.5636697824038235,13652
574,62,36,1,0.5631061126214196,13654
575,-32,57,1,0.5625430065087982,13674
576,10,43,1,0.5619804635022894,13682
577,42,22,1,0.561418483038787,13686
578,37,40,1,0.5608570645557482,13700
579,-131,101,1,0.5602962074911925,13716
580,19,49,1,0.5597359112837013,13719
581,100,4,1,0.5591761753724176,13719
582,-28,66,1,0.5586169991970452,13745
583,-57,77,1,0.5580583821978482,13768
584,-134,93,1,0.5575003238156504,13792
585,-187,144,1,0.5569428234918348,13815
586,-319,163,1,0.5563858806683429,13869
587,-94,90,1,0.5558294947876746,13896
588,-99,118,1,0.5552736652928869,13925
589,7,41,1,0.5547183916275941,13941
590,69,29,1,0.5541636732359665,13947
591,-222,131,1,0.5536095095627305,13982
592,34,43,1,0.5530559000531677,13983
593,-38,47,1,0.5525028441531146,13996
594,108,6,1,0.5519503413089615,13997
595,92,6,1,0.5513983909676525,13999
596,-411,172,1,0.5508469925766849,14036
597,29,33,1,0.5502961455841082,14050
598,-38,59,1,0.5497458494385241,14064
599,81,16,1,0.5491961035890855,14064
600,66,28,1,0.5486469074854965,14071
601,-79,53,1,0.548098260578011,14086
602,-8,65,1,0.547550162317433,14103
603,-10,42,1,0.5470026121551156,14112
604,-127,81,1,0.5464556095429605,14128
605,86,9,1,0.5459091539334175,14133
606,108,14,1,0.5453632447794842,14133
607,86,9,1,0.5448178815347047,14134
608,49,32,1,0.54427306365317,14143
609,-196,112,1,0.5437287905895168,14172
610,-41,55,1,0.5431850617989273,14184
611,13,29,1,0.5426418767371284,14187
612,104,3,1,0.5420992348603912,14188
613,58,29,1,0.5415571356255309,14195
614,68,25,1,0.5410155784899053,14198
615,-26,43,1,0.5404745629114154,14208
616,109,6,1,0.539934088348504,14208
617,-294,121,1,0.5393941542601555,14233
618,58,31,1,0.5388547601058953,14239
619,88,7,1,0.5383159053457894,14239
620,-48,75,1,0.5377775894404436,14265
621,74,33,1,0.5372398118510032,14268
622,-57,65,1,0.5367025720391522,14286
623,91,9,1,0.536165869467113,14288
624,-173,92,1,0.5356297035976458,14309
625,-13,54,1,0.5350940738940482,14320
626,45,38,1,0.5345589798201541,14327
627,-202,132,1,0.534024420840334,14350
628,43,34,1,0.5334903964194936,14360
629,19,55,1,0.5329569060230741,14367
630,-32,71,1,0.532423949117051,14379
631,6,61,1,0.531891525167934,14391
632,6,38,1,0.5313596336427661,14399
633,-73,61,1,0.5308282740091232,14407
634,19,45,1,0.5302974457351142,14426
635,-389,166,1,0.5297671482893791,14465
636,-29,64,1,0.5292373811410898,14473
637,91,58,1,0.5287081437599487,14485
638,-49,52,1,0.5281794356161887,14490
639,-31,62,1,0.5276512561805725,14496
640,-95,76,1,0.5271236049243919,14517
641,-116,95,1,0.5265964813194676,14552
642,88,52,1,0.5260698848381481,14558
643,-38,74,1,0.5255438149533099,14573
644,102,18,1,0.5250182711383566,14573
645,-8,61,1,0.5244932528672183,14586
646,70,25,1,0.5239687596143511,14593
647,-62,55,1,0.5234447908547367,14610
648,-82,83,1,0.522921346063882,14626
649,4,58,1,0.522398424717818,14638
650,-6,54,1,0.5218760262931003,14656
651,76,21,1,0.5213541502668072,14658
652,84,14,1,0.5208327961165404,14662
653,46,32,1,0.5203119633204238,14667
654,-97,93,1,0.5197916513571034,14692
655,88,10,1,0.5192718597057463,14695
656,69,31,1,0.5187525878460405,14697
657,-44,63,1,0.5182338352581944,14718
658,64,22,1,0.5177156014229363,14721
659,92,12,1,0.5171978858215134,14721
660,-226,121,1,0.5166806879356919,14759
661,89,18,1,0.5161640072477562,14761
662,38,33,1,0.5156478432405085,14770
663,-11,67,1,0.515132195397268,14796
664,89,22,1,0.5146170632018707,14802
665,25,40,1,0.5141024461386688,14811
666,56,25,1,0.5135883436925301,14812
667,66,38,1,0.5130747553488376,14816
668,39,43,1,0.5125616805934888,14829
669,19,49,1,0.5120491189128954,14843
670,-157,106,1,0.5115370697939825,14880
671,100,34,1,0.5110255327241885,14883
672,-54,68,1,0.5105145071914643,14900
673,-194,113,1,0.5100039926842729,14915
674,82,33,1,0.5094939886915886,14919
675,-38,57,1,0.508984494702897,14926
676,53,23,1,0.508475510208194,14930
677,80,12,1,0.5079670346979859,14933
678,66,11,1,0.5074590676632879,14933
679,-70,56,1,0.5069516085956246,14947
680,-214,133,1,0.506444656987029,14987
681,-27,79,1,0.505938212330042,15007
682,-193,119,1,0.505432274117712,15032
683,82,27,1,0.5049268418435943,15032
684,52,31,1,0.5044219150017507,15035
685,-102,87,1,0.5039174930867489,15057
686,1,42,1,0.5034135755936622,15076
687,98,18,1,0.5029101620180685,15076
688,-41,65,1,0.5024072518560504,15091
689,20,52,1,0.5019048446041944,15102
690,-9,47,1,0.5014029397595902,15113
691,14,52,1,0.5009015368198305,15130
692,-1,46,1,0.5004006352830107,15135
693,-536,200,0,0.4999002346477277,15180
694,46,29,1,0.49940033441307996,15180
695,10,45,1,0.49890093407866687,15195
696,54,20,1,0.4984020331445882,15199
697,72,35,1,0.4979036311114436,15200
698,-149,99,1,0.4974057274803321,15220
699,-89,67,1,0.49690832175285177,15241
700,-108,76,1,0.4964114134310989,15267
701,95,5,1,0.4959150020176678,15267
702,-66,69,1,0.49541908701565013,15282
703,-166,106,1,0.49492366792863446,15314
704,50,36,1,0.4944287442607058,15324
705,-69,96,1,0.4939343155164451,15363
706,-46,62,1,0.4934403812009287,15379
707,83,16,1,0.4929469408197278,15379
708,-66,69,1,0.49245399387890804,15403
709,29,54,1,0.4919615398850291,15416
710,-46,67,1,0.4914695783451441,15428
711,97,17,1,0.4909781087667989,15435
712,75,9,1,0.4904871306580321,15436
713,27,45,1,0.4899966435273741,15441
714,20,41,1,0.4895066468838467,15447
715,87,9,1,0.48901714023696286,15453
716,50,21,1,0.4885281230967259,15455
717,-69,57,1,0.48803959497362914,15467
718,98,21,1,0.4875515553786555,15467
719,84,29,1,0.48706400382327686,15467
720,96,17,1,0.4865769398194536,15468
721,-28,61,1,0.48609036287963414,15473
722,-103,96,1,0.48560427251675453,15490
723,59,57,1,0.48511866824423777,15499
724,41,38,1,0.4846335495759935,15507
725,76,19,1,0.4841489160264175,15514
726,-145,119,1,0.4836647671103911,15549
727,-13,69,1,0.4831811023432807,15562
728,-92,97,1,0.4826979212409374,15591
729,-143,95,1,0.48221522331969646,15614
730,61,27,1,0.48173300809637676,15622
731,87,4,1,0.48125127508828036,15623
732,85,12,1,0.48077002381319206,15624
733,-9,46,1,0.48028925378937887,15636
734,108,5,1,0.47980896453558947,15636
735,76,11,1,0.4793291555710539,15639
736,50,44,1,0.47884982641548285,15644
737,83,29,1,0.47837097658906735,15653
738,106,4,1,0.47789260561247826,15653
739,-23,73,1,0.4774147130068658,15673
740,99,2,1,0.4769372982938589,15675
741,66,43,1,0.47646036099556505,15683
742,3,43,1,0.47598390063456947,15691
743,16,40,1,0.4755079167339349,15703
744,100,1,1,0.47503240881720094,15703
745,-47,65,1,0.47455737640838375,15725
746,69,27,1,0.47408281903197536,15730
747,5,40,1,0.47360873621294336,15749
748,42,32,1,0.4731351274767304,15756
749,32,53,1,0.4726619923492537,15756
750,-72,67,1,0.47218933035690447,15773
751,75,23,1,0.47171714102654755,15773
752,-3,33,1,0.471245423885521,15783
753,62,33,1,0.47077417846163544,15790
754,73,30,1,0.4703034042831738,15795
755,54,48,1,0.46983310087889063,15795
756,88,16,1,0.46936326777801174,15796
757,99,39,1,0.4688939045102337,15798
758,56,31,1,0.4684250106057235,15809
759,73,20,1,0.46795658559511777,15813
760,93,31,1,0.46748862900952265,15816
761,40,13,1,0.4670211403805131,15819
762,106,10,1,0.4665541192401326,15822
763,104,4,1,0.4660875651208925,15823
764,62,19,1,0.4656214775557716,15832
765,100,12,1,0.46515585607821586,15835
766,-27,60,1,0.46469070022213765,15850
767,51,31,1,0.4642260095219155,15853
768,10,57,1,0.4637617835123936,15877
769,13,50,1,0.46329802172888124,15889
770,16,42,1,0.46283472370715234,15898
771,97,21,1,0.46237188898344517,15898
772,54,31,1,0.4619095170944617,15902
773,27,52,1,0.46144760757736725,15910
774,-12,59,1,0.46098615996978987,15923
775,66,31,1,0.46052517380982005,15930
776,34,53,1,0.4600646486360102,15942
777,-26,57,1,0.4596045839873742,15954
778,90,2,1,0.45914497940338683,15954
779,88,26,1,0.4586858344239834,15961
780,-228,135,1,0.45822714858955943,16001
781,74,24,1,0.45776892144096987,16005
782,-45,65,1,0.4573111525195289,16019
783,12,47,1,0.4568538413670094,16028
784,82,42,1,0.4563969875256424,16035
785,-39,57,1,0.45594059053811675,16050
786,-170,112,1,0.45548464994757865,16086
787,82,13,1,0.45502916529763104,16086
788,23,44,1,0.45457413613233344,16097
789,-5,38,1,0.4541195619962011,16105
790,-3,62,1,0.4536654424342049,16128
791,96,14,1,0.45321177699177073,16129
792,-2,47,1,0.452758565214779,16140
793,100,1,1,0.4523058066495642,16140
794,-193,91,1,0.45185350084291465,16158
795,61,40,1,0.4514016473420717,16165
796,102,2,1,0.45095024569472963,16165
797,100,1,1,0.4504992954490349,16166
798,66,19,1,0.45004879615358584,16166
799,74,22,1,0.44959874735743227,16167
800,104,3,1,0.4491491486100748,16167
801,-51,74,1,0.44869999946146477,16192
802,79,27,1,0.4482512994620033,16196
803,61,17,1,0.4478030481625413,16201
804,85,11,1,0.44735524511437874,16203
805,99,17,1,0.4469078898692644,16204
806,50,40,1,0.4464609819793951,16210
807,-10,54,1,0.44601452099741573,16210
808,45,51,1,0.4455685064764183,16223
809,-30,51,1,0.4451229379699419,16236
810,93,4,1,0.44467781503197196,16238
811,104,9,1,0.44423313721693997,16238
812,-7,76,1,0.44378890407972305,16250
813,-7,47,1,0.44334511517564335,16269
814,78,15,1,0.4429017700604677,16272
815,89,7,1,0.44245886829040726,16273
816,113,14,1,0.44201640942211684,16273
817,72,18,1,0.44157439301269474,16274
818,98,9,1,0.44113281861968207,16275
819,71,30,1,0.4406916858010624,16281
820,73,19,1,0.4402509941152613,16284
821,60,22,1,0.43981074312114604,16287
822,-95,98,1,0.4393709323780249,16301
823,100,10,1,0.4389315614456469,16301
824,69,26,1,0.43849262988420123,16304
825,-52,86,1,0.438054137254317,16316
826,74,21,1,0.4376160831170627,16316
827,52,43,1,0.43717846703394564,16322
828,-116,69,1,0.4367412885669117,16345
829,101,12,1,0.4363045472783448,16347
830,40,38,1,0.43586824273106645,16348
831,60,31,1,0.4354323744883354,16351
832,64,25,1,0.43499694211384704,16359
833,16,44,1,0.4345619451717332,16365
834,95,26,1,0.43412738322656147,16372
835,12,50,1,0.4336932558433349,16381
836,62,40,1,0.43325956258749154,16388
837,46,46,1,0.43282630302490405,16393
838,90,9,1,0.43239347672187917,16394
839,9,51,1,0.4319610832451573,16403
840,36,48,1,0.43152912216191214,16415
841,-108,102,1,0.4310975930397502,16442
842,69,17,1,0.43066649544671043,16443
843,-98,87,1,0.4302358289512637,16464
844,106,4,1,0.4298055931223125,16464
845,-43,38,1,0.42937578752919014,16471
846,86,8,1,0.4289464117416609,16475
847,97,21,1,0.42851746532991924,16479
848,83,12,1,0.42808894786458934,16481
849,103,3,1,0.42766085891672473,16481
850,83,13,1,0.427233198057808,16484
851,95,8,1,0.4268059648597502,16484
852,72,21,1,0.4263791588948904,16491
853,33,49,1,0.42595277973599555,16502
854,-226,120,1,0.42552682695625954,16534
855,43,29,1,0.4251013001293033,16542
856,85,30,1,0.424676198829174,16550
857,89,18,1,0.4242515226303448,16553
858,59,30,1,0.42382727110771445,16559
859,100,1,1,0.4234034438366067,16559
860,100,1,1,0.4229800403927701,16559
861,68,22,1,0.42255706035237733,16563
862,98,7,1,0.42213450329202495,16566
863,101,15,1,0.4217123687887329,16566
864,55,21,1,0.4212906564199442,16570
865,44,33,1,0.42086936576352424,16574
866,94,10,1,0.4204484963977607,16577
867,100,4,1,0.42002804790136294,16579
868,88,34,1,0.4196080198534616,16579
869,-45,72,1,0.4191884118336081,16604
870,35,39,1,0.41876922342177453,16616
871,10,35,1,0.41835045419835276,16623
872,44,51,1,0.4179321037441544,16628
873,77,28,1,0.41751417164041027,16631
874,52,35,1,0.41709665746876984,16633
875,93,17,1,0.4166795608113011,16633
876,106,11,1,0.41626288125048977,16636
877,54,26,1,0.41584661836923925,16637
878,-20,60,1,0.41543077175087,16652
879,-7,58,1,0.41501534097911913,16661
880,-10,57,1,0.41460032563814003,16679
881,60,41,1,0.4141857253125019,16697
882,77,9,1,0.41377153958718943,16697
883,-10,46,1,0.4133577680476022,16703
884,84,13,1,0.4129444102795546,16703
885,60,35,1,0.412531465869275,16708
886,-96,60,1,0.41211893440340575,16726
887,7,65,1,0.41170681546900234,16739
888,109,21,1,0.41129510865353336,16744
889,42,39,1,0.41088381354487985,16750
890,102,20,1,0.410472929731335,16750
891,5,42,1,0.41006245680160364,16753
892,79,34,1,0.40965239434480205,16755
893,66,46,1,0.40924274195045723,16756
894,-16,60,1,0.40883349920850676,16778
895,60,49,1,0.40842466570929825,16797
896,106,8,1,0.40801624104358897,16797
897,-68,72,1,0.4076082248025454,16816
898,26,20,1,0.4072006165777428,16821
899,-148,96,1,0.4067934159611651,16852
900,31,21,1,0.4063866225452039,16854
901,54,18,1,0.4059802359226587,16860
902,77,36,1,0.40557425568673605,16863
903,78,5,1,0.40516868143104934,16863
904,84,17,1,0.4047635127496183,16864
905,72,14,1,0.4043587492368687,16864
906,95,13,1,0.4039543904876318,16867
907,28,48,1,0.4035504360971442,16873
908,22,31,1,0.40314688566104706,16884
909,21,52,1,0.402743738775386,16900
910,4,58,1,0.4023409950366106,16912
911,93,24,1,0.401938654041574,16914
912,-22,44,1,0.4015367153875324,16922
913,102,2,1,0.4011351786721449,16922
914,75,28,1,0.40073404349347275,16923
915,-23,74,1,0.40033330944997925,16944
916,3,41,1,0.39993297614052925,16955
917,-35,58,1,0.3995330431643887,16967
918,-34,39,1,0.39913351012122433,16979
919,1,49,1,0.3987343766111031,17000
920,103,19,1,0.398335642234492,17001
921,82,14,1,0.3979373065922575,17003
922,101,5,1,0.39753936928566525,17003
923,115,11,1,0.3971418299163796,17005
924,88,10,1,0.3967446880864632,17012
925,88,22,1,0.3963479433983767,17012
926,25,39,1,0.3959515954549783,17024
927,97,4,1,0.39555564385952335,17025
928,79,16,1,0.39516008821566384,17025
929,106,7,1,0.3947649281274482,17025
930,-35,41,1,0.3943701631993207,17036
931,-35,50,1,0.3939757930361214,17048
932,76,7,1,0.3935818172430853,17048
933,13,44,1,0.3931882354258422,17058
934,-68,61,1,0.39279504719041636,17075
935,-48,52,1,0.39240225214322594,17087
936,101,2,1,0.39200984989108273,17087
937,82,4,1,0.39161784004119166,17088
938,-35,85,1,0.39122622220115044,17105
939,-38,67,1,0.3908349959789493,17127
940,-115,80,1,0.3904441609829703,17144
941,46,52,1,0.3900537168219873,17160
942,80,15,1,0.3896636631051653,17164
943,50,34,1,0.38927399944206015,17169
944,77,26,1,0.3888847254426181,17173
945,61,30,1,0.38849584071717547,17180
946,-56,75,1,0.3881073448764583,17216
947,66,27,1,0.3877192375315819,17216
948,102,20,1,0.3873315182940503,17220
949,-139,119,1,0.38694418677575626,17261
950,102,5,1,0.3865572425889805,17261
951,83,17,1,0.38617068534639154,17264
952,91,18,1,0.38578451466104513,17268
953,-67,65,1,0.3853987301463841,17279
954,98,12,1,0.3850133314162377,17279
955,88,17,1,0.3846283180848215,17281
956,80,17,1,0.3842436897667367,17282
957,95,10,1,0.3838594460769699,17284
958,26,28,1,0.38347558663089293,17288
959,92,17,1,0.38309211104426205,17291
960,-27,51,1,0.3827090189332178,17305
961,94,10,1,0.38232630991428457,17306
962,85,18,1,0.38194398360437026,17306
963,96,14,1,0.3815620396207659,17306
964,-5,53,1,0.38118047758114515,17318
965,-2,55,1,0.380799297103564,17331
966,116,12,1,0.3804184978064605,17332
967,105,9,1,0.380038079308654,17333
968,-35,77,1,0.3796580412293454,17351
969,67,22,1,0.379278383188116,17353
970,29,52,1,0.3788991048049279,17363
971,38,31,1,0.37852020570012296,17367
972,-37,94,1,0.37814168549442284,17399
973,111,25,1,0.3777635438089284,17402
974,6,49,1,0.3773857802651195,17409
975,15,62,1,0.37700839448485435,17425
976,104,9,1,0.3766313860903695,17426
977,-132,104,1,0.37625475470427916,17455
978,66,32,1,0.3758784999495749,17461
979,66,30,1,0.3755026214496253,17467
980,-44,75,1,0.3751271188281757,17479
981,94,15,1,0.3747519917093475,17482
982,97,31,1,0.37437723971763814,17483
983,103,3,1,0.37400286247792053,17483
984,30,39,1,0.3736288596154426,17491
985,111,7,1,0.37325523075582717,17491
986,38,39,1,0.37288197552507135,17497
987,86,24,1,0.37250909354954626,17497
988,-91,77,1,0.37213658445599673,17533
989,102,20,1,0.3717644478715407,17534
990,94,10,1,0.3713926834236692,17534
991,96,15,1,0.37102129074024554,17536
992,29,55,1,0.3706502694495053,17547
993,18,44,1,0.3702796191800558,17557
994,58,41,1,0.36990933956087574,17567
995,96,8,1,0.36953943022131486,17567
996,65,37,1,0.3691698907910935,17572
997,102,2,1,0.3688007209003024,17572
998,94,13,1,0.36843192017940213,17576
999,-80,93,1,0.36806348825922275,17609
1000,77,25,1,0.3676954247709635,17615
1001,92,11,1,0.36732772934619257,17616
1002,20,48,1,0.3669604016168464,17625
1003,24,40,1,0.3665934412152296,17628
1004,15,70,1,0.3662268477740143,17642
1005,64,34,1,0.36586062092624033,17649
1006,45,43,1,0.3654947603053141,17661
1007,67,7,1,0.36512926554500874,17663
1008,31,30,1,0.36476413627946375,17666
1009,34,32,1,0.3643993721431843,17671
1010,102,19,1,0.36403497277104113,17673
1011,6,50,1,0.3636709377982701,17680
1012,7,49,1,0.3633072668604718,17694
1013,110,31,1,0.36294395959361136,17696
1014,94,14,1,0.36258101563401773,17698
1015,38,44,1,0.3622184346183837,17706
1016,87,34,1,0.36185621618376534,17710
1017,83,14,1,0.36149435996758156,17712
1018,104,11,1,0.361132865607614,17713
1019,88,17,1,0.36077173274200636,17715
1020,62,28,1,0.36041096100926434,17720
1021,82,17,1,0.3600505500482551,17720
1022,93,30,1,0.35969049949820686,17721
1023,108,17,1,0.3593308089987087,17723
1024,86,23,1,0.35897147818971,17727
1025,26,44,1,0.3586125067115203,17736
1026,67,37,1,0.35825389420480874,17744
1027,-16,61,1,0.35789564031060395,17754
1028,46,49,1,0.35753774467029337,17760
1029,91,25,1,0.3571802069256231,17762
1030,-32,77,1,0.3568230267186975,17780
1031,21,52,1,0.3564662036919788,17788
1032,95,23,1,0.35610973748828684,17790
1033,-6,74,1,0.35575362775079855,17810
1034,-93,79,1,0.35539787412304774,17824
1035,98,3,1,0.3550424762489247,17824
1036,4,58,1,0.3546874337726758,17833
1037,96,12,1,0.35433274633890316,17834
1038,104,18,1,0.35397841359256427,17837
1039,53,46,1,0.3536244351789717,17840
1040,104,6,1,0.35327081074379274,17840
1041,9,49,1,0.352917539933049,17846
1042,59,30,1,0.3525646223931159,17857
1043,-47,44,1,0.3522120577707228,17869
1044,29,40,1,0.3518598457129521,17879
1045,101,8,1,0.35150798586723914,17879
1046,31,37,1,0.3511564778813719,17890
1047,104,26,1,0.3508053214034905,17891
1048,63,38,1,0.35045451608208705,17898
1049,112,11,1,0.350104061566005,17900
1050,73,21,1,0.349753957504439,17904
1051,64,50,1,0.3494042035469346,17913
1052,-161,104,1,0.3490547993433876,17940
1053,106,4,1,0.34870574454404424,17940
1054,54,28,1,0.3483570387995002,17944
1055,48,49,1,0.3480086817607007,17955
1056,94,18,1,0.34766067307894,17957
1057,33,49,1,0.34731301240586104,17960
1058,11,70,1,0.3469656993934552,17976
1059,40,37,1,0.3466187336940617,17983
1060,21,40,1,0.34627211496036764,17992
1061,25,36,1,0.3459258428454073,18005
1062,80,35,1,0.34557991700256185,18012
1063,27,45,1,0.3452343370855593,18026
1064,82,7,1,0.34488910274847373,18026
1065,98,27,1,0.34454421364572524,18028
1066,67,35,1,0.3441996694320795,18029
1067,26,45,1,0.34385546976264747,18035
1068,66,23,1,0.34351161429288485,18037
1069,39,25,1,0.34316810267859194,18045
1070,109,22,1,0.34282493457591334,18051
1071,-164,105,1,0.3424821096413374,18077
1072,56,44,1,0.3421396275316961,18084
1073,104,24,1,0.34179748790416437,18088
1074,97,32,1,0.3414556904162602,18092
1075,108,23,1,0.34111423472584396,18093
1076,59,26,1,0.34077312049111813,18093
1077,98,21,1,0.340432347370627,18093
1078,20,49,1,0.34009191502325636,18098
1079,67,34,1,0.3397518231082331,18105
1080,35,60,1,0.33941207128512485,18117
1081,15,33,1,0.3390726592138397,18122
1082,54,37,1,0.3387335865546259,18133
1083,60,39,1,0.33839485296807126,18141
1084,-23,87,1,0.3380564581151032,18164
1085,-37,63,1,0.33771840165698813,18176
1086,50,21,1,0.33738068325533116,18184
1087,114,22,1,0.3370433025720758,18185
1088,75,25,1,0.33670625926950376,18186
1089,85,18,1,0.33636955301023425,18187
1090,76,10,1,0.336033183457224,18190
1091,86,24,1,0.3356971502737668,18193
1092,47,34,1,0.335361453123493,18202
1093,93,17,1,0.3350260916703695,18202
1094,100,1,1,0.33469106557869915,18203
1095,102,8,1,0.33435637451312045,18203
1096,106,11,1,0.3340220181386073,18205
1097,59,25,1,0.33368799612046873,18210
1098,74,12,1,0.33335430812434824,18212
1099,52,27,1,0.3330209538162239,18214
1100,86,9,1,0.33268793286240766,18218
1101,-61,55,1,0.33235524492954527,18234
1102,80,18,1,0.33202288968461574,18235
1103,72,31,1,0.33169086679493115,18243
1104,-5,55,1,0.33135917592813624,18255
1105,46,24,1,0.3310278167522081,18260
1106,30,18,1,0.3306967889354559,18263
1107,14,52,1,0.33036609214652046,18271
1108,104,6,1,0.3300357260543739,18271
1109,32,35,1,0.32970569032831953,18277
1110,59,25,1,0.3293759846379912,18278
1111,97,14,1,0.3290466086533532,18280
1112,1,37,1,0.3287175620446999,18293
1113,1,32,1,0.32838884448265515,18296
1114,94,4,1,0.3280604556381725,18296
1115,-140,99,1,0.32773239518253433,18318
1116,91,22,1,0.3274046627873518,18323
1117,71,37,1,0.32707725812456445,18324
1118,-9,47,1,0.32675018086643987,18331
1119,100,4,1,0.32642343068557345,18331
1120,106,7,1,0.3260970072548879,18331
1121,73,36,1,0.325770910247633,18338
1122,99,7,1,0.32544513933738534,18338
1123,104,3,1,0.3251196941980479,18338
1124,42,55,1,0.32479457450384985,18348
1125,-8,61,1,0.324469779929346,18367
1126,81,14,1,0.32414531014941667,18370
1127,102,2,1,0.32382116483926726,18372
1128,89,14,1,0.323497343674428,18374
1129,98,11,1,0.3231738463307536,18374
1130,14,48,1,0.32285067248442284,18384
1131,75,29,1,0.3225278218119384,18386
1132,43,40,1,0.3222052939901265,18396
1133,-5,31,1,0.32188308869613635,18406
1134,47,31,1,0.3215612056074402,18412
1135,81,21,1,0.3212396444018328,18416
1136,23,49,1,0.32091840475743094,18430
1137,106,7,1,0.3205974863526735,18431
1138,52,27,1,0.32027688886632083,18435
1139,-1,51,1,0.3199566119774545,18447
1140,100,1,1,0.31963665536547703,18447
1141,87,35,1,0.31931701871011153,18450
1142,121,18,1,0.3189977016914014,18450
1143,104,21,1,0.31867870398971,18451
1144,107,14,1,0.31836002528572027,18452
1145,96,11,1,0.31804166526043454,18452
1146,-19,39,1,0.3177236235951741,18466
1147,-24,83,1,0.3174058999715789,18486
1148,99,18,1,0.31708849407160733,18488
1149,104,11,1,0.31677140557753575,18489
1150,94,12,1,0.31645463417195824,18491
1151,-17,44,1,0.3161381795377863,18504
1152,91,17,1,0.3158220413582485,18505
1153,-13,33,1,0.3155062193168902,18515
1154,55,24,1,0.31519071309757335,18519
1155,101,24,1,0.3148755223844758,18525
1156,98,31,1,0.31456064686209134,18528
1157,-18,67,1,0.31424608621522926,18537
1158,62,34,1,0.31393184012901404,18547
1159,98,23,1,0.31361790828888503,18549
1160,-154,98,1,0.31330429038059615,18578
1161,103,15,1,0.31299098609021553,18578
1162,23,41,1,0.3126779951041253,18588
1163,58,55,1,0.31236531710902116,18597
1164,104,28,1,0.3120529517919121,18602
1165,-54,90,1,0.3117408988401202,18638
1166,-2,70,1,0.31142915794128007,18652
1167,93,13,1,0.31111772878333877,18652
1168,-5,64,1,0.3108066110545554,18671
1169,25,54,1,0.3104958044435009,18684
1170,105,13,1,0.3101853086390574,18687
1171,-56,77,1,0.30987512333041833,18711
1172,86,21,1,0.3095652482070879,18711
1173,49,35,1,0.30925568295888084,18721
1174,-4,49,1,0.308946427275922,18733
1175,89,17,1,0.30863748084864606,18737
1176,-170,85,1,0.3083288433677974,18766
1177,100,13,1,0.30802051452442963,18766
1178,109,13,1,0.3077124940099052,18769
1179,97,10,1,0.3074047815158953,18771
1180,89,20,1,0.30709737673437937,18776
1181,63,52,1,0.30679027935764497,18787
1182,48,39,1,0.3064834890782873,18791
1183,99,23,1,0.306177005589209,18794
1184,102,2,1,0.3058708285836198,18795
1185,-27,40,1,0.30556495775503617,18808
1186,24,39,1,0.30525939279728115,18816
1187,-23,51,1,0.30495413340448385,18827
1188,48,34,1,0.3046491792710794,18833
1189,110,12,1,0.3043445300918083,18833
1190,85,12,1,0.30404018556171647,18833
1191,-52,79,1,0.30373614537615473,18856
1192,40,43,1,0.3034324092307786,18874
1193,-17,42,1,0.3031289768215478,18878
1194,-52,71,1,0.30282584784472627,18896
1195,72,21,1,0.3025230219968815,18901
1196,110,6,1,0.3022204989748846,18901
1197,55,39,1,0.30191827847590974,18904
1198,31,36,1,0.3016163601974338,18910
1199,99,27,1,0.3013147438372364,18919
1200,105,34,1,0.3010134290933992,18923
1201,93,7,1,0.3007124156643058,18925
1202,70,35,1,0.30041170324864147,18930
1203,100,1,1,0.30011129154539284,18931
1204,82,26,1,0.29981118025384745,18936
1205,-78,85,1,0.2995113690735936,18948
1206,77,28,1,0.29921185770452,18952
1207,31,36,1,0.2989126458468155,18969
1208,53,33,1,0.2986137332009687,18977
1209,43,41,1,0.29831511946776773,18982
1210,116,10,1,0.29801680434829997,18983
1211,93,15,1,0.29771878754395165,18983
1212,4,52,1,0.29742106875640767,18996
1213,66,16,1,0.29712364768765126,19000
1214,59,20,1,0.2968265240399636,19005
1215,45,35,1,0.2965296975159237,19012
1216,50,46,1,0.29623316781840775,19019
1217,44,26,1,0.29593693465058934,19027
1218,118,10,1,0.29564099771593877,19027
1219,16,28,1,0.2953453567182228,19034
1220,50,54,1,0.2950500113615046,19041
1221,16,61,1,0.2947549613501431,19068
1222,32,46,1,0.294460206388793,19084
1223,59,43,1,0.2941657461824042,19100
1224,77,34,1,0.2938715804362218,19107
1225,102,2,1,0.2935777088557856,19107
1226,-56,42,1,0.2932841311469298,19119
1227,88,22,1,0.2929908470157829,19122
1228,92,3,1,0.2926978561687671,19122
1229,84,11,1,0.29240515831259833,19122
1230,93,15,1,0.29211275315428575,19125
1231,107,5,1,0.2918206404011315,19125
1232,61,31,1,0.29152881976073036,19132
1233,104,3,1,0.2912372909409696,19132
1234,104,12,1,0.2909460536500286,19132
1235,83,7,1,0.2906551075963786,19135
1236,108,5,1,0.2903644524887822,19135
1237,66,26,1,0.2900740880362934,19140
1238,90,8,1,0.28978401394825715,19140
1239,72,19,1,0.2894942299343089,19142
1240,48,39,1,0.2892047357043746,19152
1241,-44,62,1,0.28891553096867023,19169
1242,39,31,1,0.2886266154377016,19177
1243,98,12,1,0.28833798882226386,19180
1244,95,9,1,0.2880496508334416,19182
1245,79,24,1,0.28776160118260813,19188
1246,79,12,1,0.2874738395814255,19189
1247,-4,64,1,0.2871863657418441,19207
1248,104,7,1,0.28689917937610226,19207
1249,107,26,1,0.2866122801967262,19211
1250,119,21,1,0.28632566791652947,19213
1251,102,20,1,0.28603934224861294,19213
1252,114,8,1,0.2857533029063643,19213
1253,67,26,1,0.28546754960345794,19217
1254,108,11,1,0.2851820820538545,19217
1255,88,10,1,0.2848968999718006,19220
1256,115,16,1,0.2846120030718288,19223
1257,19,46,1,0.284327391068757,19232
1258,31,34,1,0.2840430636776882,19240
1259,23,45,1,0.28375902061401054,19248
1260,97,9,1,0.28347526159339653,19249
1261,102,5,1,0.28319178633180314,19249
1262,98,3,1,0.28290859454547135,19251
1263,94,7,1,0.28262568595092585,19256
1264,-9,35,1,0.2823430602649749,19263
1265,101,18,1,0.28206071720470993,19263
1266,83,17,1,0.2817786564875052,19263
1267,108,5,1,0.28149687783101773,19263
1268,-25,50,1,0.2812153809531867,19279
1269,-70,69,1,0.28093416557223355,19295
1270,96,17,1,0.2806532314066613,19295
1271,87,19,1,0.2803725781752547,19295
1272,0,42,1,0.2800922055970794,19308
1273,107,15,1,0.2798121133914823,19309
1274,90,17,1,0.2795323012780908,19309
1275,76,22,1,0.2792527689768127,19312
1276,94,17,1,0.2789735162078359,19317
1277,57,18,1,0.2786945426916281,19322
1278,93,27,1,0.27841584814893644,19323
1279,-59,60,1,0.2781374323007875,19345
1280,22,47,1,0.27785929486848676,19362
1281,65,27,1,0.27758143557361825,19367
1282,78,32,1,0.27730385413804465,19376
1283,101,2,1,0.2770265502839066,19377
1284,100,16,1,0.2767495237336227,19377
1285,-3,42,1,0.2764727742098891,19387
1286,12,47,1,0.2761963014356792,19400
1287,110,9,1,0.27592010513424353,19400
1288,-28,49,1,0.2756441850291093,19413
1289,108,29,1,0.2753685408440802,19414
1290,121,12,1,0.2750931723032361,19414
1291,68,38,1,0.27481807913093287,19429
1292,98,18,1,0.27454326105180193,19431
1293,55,26,1,0.2742687177907501,19435
1294,58,20,1,0.2739944490729594,19440
1295,86,26,1,0.27372045462388644,19452
1296,109,12,1,0.2734467341692626,19452
1297,30,31,1,0.27317328743509334,19457
1298,63,32,1,0.27290011414765825,19461
1299,104,6,1,0.2726272140335106,19461
1300,66,16,1,0.27235458681947705,19461
1301,-53,71,1,0.2720822322326576,19482
1302,95,5,1,0.2718101500004249,19482
1303,89,21,1,0.27153833985042447,19485
1304,104,15,1,0.27126680151057403,19486
1305,-5,59,1,0.27099553470906346,19502
1306,90,20,1,0.2707245391743544,19504
1307,34,57,1,0.27045381463518003,19523
1308,59,38,1,0.27018336082054484,19538
1309,105,10,1,0.2699131774597243,19538
1310,107,16,1,0.2696432642822646,19538
1311,100,4,1,0.26937362101798235,19538
1312,101,22,1,0.26910424739696437,19539
1313,90,23,1,0.2688351431495674,19550
1314,76,19,1,0.26856630800641784,19553
1315,72,23,1,0.2682977416984114,19557
1316,47,56,1,0.268029443956713,19573
1317,86,16,1,0.2677614145127563,19573
1318,79,8,1,0.2674936530982436,19575
1319,107,22,1,0.26722615944514533,19575
1320,95,14,1,0.2669589332857002,19575
1321,108,5,1,0.2666919743524145,19575
1322,3,43,1,0.26642528237806207,19586
1323,76,25,1,0.266158857095684,19589
1324,108,16,1,0.2658926982385883,19592
1325,101,6,1,0.26562680554034973,19592
1326,99,6,1,0.26536117873480936,19593
1327,88,37,1,0.26509581755607453,19597
1328,105,10,1,0.26483072173851846,19597
1329,121,22,1,0.26456589101677996,19598
1330,100,16,1,0.2643013251257632,19598
1331,-32,50,1,0.2640370238006374,19622
1332,94,21,1,0.2637729867768368,19622
1333,122,16,1,0.26350921379006,19623
1334,97,32,1,0.26324570457626995,19625
1335,44,46,1,0.2629824588716937,19633
1336,110,23,1,0.262719476412822,19633
1337,-56,78,1,0.2624567569364092,19649
1338,105,5,1,0.26219430017947276,19649
1339,86,20,1,0.2619321058792933,19651
1340,108,9,1,0.261670173773414,19652
1341,76,36,1,0.2614085035996406,19656
1342,106,7,1,0.26114709509604095,19656
1343,92,12,1,0.2608859480009449,19658
1344,104,3,1,0.26062506205294395,19658
1345,58,53,1,0.260364436990891,19664
1346,102,8,1,0.2601040725539001,19664
1347,40,31,1,0.2598439684813462,19675
1348,51,50,1,0.2595841245128649,19678
1349,29,19,1,0.259324540388352,19685
1350,36,15,1,0.25906521584796366,19689
1351,104,18,1,0.2588061506321157,19691
1352,74,14,1,0.2585473444814836,19694
1353,53,29,1,0.2582887971370021,19704
1354,101,12,1,0.2580305083398651,19705
1355,104,15,1,0.2577724778315252,19705
1356,105,22,1,0.25751470535369364,19707
1357,54,20,1,0.25725719064833996,19711
1358,82,26,1,0.2569999334576916,19718
1359,100,4,1,0.25674293352423394,19718
1360,98,9,1,0.2564861905907097,19718
1361,104,3,1,0.256229704400119,19718
1362,-16,43,1,0.25597347469571885,19731
1363,96,5,1,0.25571750122102316,19731
1364,73,24,1,0.25546178371980216,19733
1365,60,30,1,0.25520632193608234,19741
1366,97,47,1,0.25495111561414624,19748
1367,-98,69,1,0.2546961644985321,19763
1368,74,14,1,0.2544414683340336,19765
1369,89,15,1,0.25418702686569955,19771
1370,96,17,1,0.25393283983883386,19773
1371,63,34,1,0.25367890699899504,19783
1372,84,10,1,0.253425228091996,19784
1373,-6,53,1,0.253171802863904,19797
1374,84,21,1,0.2529186310610401,19799
1375,97,10,1,0.2526657124299791,19801
1376,54,32,1,0.2524130467175491,19809
1377,104,3,1,0.2521606336708316,19809
1378,32,22,1,0.25190847303716074,19814
1379,109,10,1,0.25165656456412355,19815
1380,17,44,1,0.25140490799955945,19830
1381,52,24,1,0.25115350309155987,19833
1382,100,1,1,0.2509023495884683,19833
1383,112,18,1,0.25065144723887983,19834
1384,77,45,1,0.25040079579164093,19843
1385,52,31,1,0.2501503949958493,19851
1386,-21,67,1,0.24990024460085344,19866
1387,104,18,1,0.24965034435625258,19871
1388,69,23,1,0.24940069401189632,19875
1389,104,3,1,0.24915129331788444,19875
1390,-14,60,1,0.24890214202456656,19889
1391,98,12,1,0.248653239882542,19891
1392,51,51,1,0.24840458664265946,19905
1393,68,21,1,0.2481561820560168,19910
1394,90,36,1,0.2479080258739608,19913
1395,104,3,1,0.24766011784808684,19913
1396,28,49,1,0.24741245773023876,19926
1397,102,3,1,0.24716504527250852,19927
1398,122,26,1,0.24691788022723601,19931
1399,98,9,1,0.24667096234700878,19932
1400,116,16,1,0.24642429138466176,19932
1401,83,13,1,0.2461778670932771,19936
1402,100,6,1,0.24593168922618383,19936
1403,80,21,1,0.24568575753695765,19938
1404,106,4,1,0.2454400717794207,19938
1405,99,11,1,0.24519463170764128,19938
1406,77,9,1,0.24494943707593364,19942
1407,104,6,1,0.24470448763885772,19943
1408,111,14,1,0.24445978315121886,19943
1409,36,41,1,0.24421532336806764,19953
1410,79,11,1,0.24397110804469957,19953
1411,95,7,1,0.24372713693665488,19954
1412,105,4,1,0.24348340979971822,19954
1413,69,23,1,0.2432399263899185,19957
1414,69,28,1,0.2429966864635286,19961
1415,93,4,1,0.24275368977706507,19962
1416,11,49,1,0.24251093608728802,19976
1417,72,35,1,0.24226842515120073,19980
1418,12,65,1,0.24202615672604952,20001
1419,108,10,1,0.24178413056932346,20003
1420,77,27,1,0.24154234643875414,20008
1421,69,27,1,0.24130080409231539,20012
1422,102,2,1,0.24105950328822306,20012
1423,57,30,1,0.24081844378493483,20018
1424,58,36,1,0.2405776253411499,20024
1425,77,34,1,0.24033704771580874,20031
1426,94,10,1,0.24009671066809293,20033
1427,35,53,1,0.23985661395742483,20035
1428,44,26,1,0.2396167573434674,20044
1429,89,10,1,0.23937714058612394,20045
1430,25,26,1,0.23913776344553783,20050
1431,96,33,1,0.2388986256820923,20052
1432,44,27,1,0.2386597270564102,20062
1433,113,10,1,0.23842106732935378,20066
1434,104,11,1,0.23818264626202443,20066
1435,102,5,1,0.2379444636157624,20066
1436,112,11,1,0.23770651915214663,20068
1437,-59,79,1,0.2374688126329945,20088
1438,87,19,1,0.23723134382036148,20090
1439,100,7,1,0.23699411247654112,20090
1440,45,44,1,0.23675711836406457,20099
1441,118,14,1,0.2365203612457005,20100
1442,17,53,1,0.2362838408844548,20108
1443,110,9,1,0.23604755704357036,20108
1444,69,37,1,0.2358115094865268,20117
1445,45,37,1,0.23557569797704025,20127
1446,44,28,1,0.2353401222790632,20132
1447,55,29,1,0.23510478215678413,20139
1448,98,24,1,0.23486967737462733,20142
1449,114,8,1,0.2346348076972527,20142
1450,109,39,1,0.23440017288955545,20143
1451,104,4,1,0.2341657727166659,20143
1452,91,3,1,0.2339316069439492,20143
1453,88,20,1,0.23369767533700525,20144
1454,81,13,1,0.23346397766166824,20146
1455,75,18,1,0.23323051368400657,20149
1456,97,4,1,0.23299728317032256,20149
1457,109,12,1,0.23276428588715223,20149
1458,94,14,1,0.23253152160126508,20152
1459,32,45,1,0.23229899007966381,20165
1460,104,16,1,0.23206669108958414,20165
1461,84,15,1,0.23183462439849456,20166
1462,63,30,1,0.23160278977409607,20174
1463,112,21,1,0.23137118698432196,20180
1464,97,3,1,0.23113981579733764,20180
1465,5,39,1,0.2309086759815403,20193
1466,35,48,1,0.23067776730555875,20207
1467,-73,94,1,0.23044708953825319,20239
1468,110,9,1,0.23021664244871493,20239
1469,38,31,1,0.22998642580626621,20249
1470,96,26,1,0.22975643938045995,20251
1471,39,22,1,0.2295266829410795,20257
1472,-15,49,1,0.22929715625813843,20273
1473,78,28,1,0.2290678591018803,20275
1474,51,20,1,0.22883879124277842,20281
1475,90,10,1,0.22860995245153565,20286
1476,110,9,1,0.22838134249908412,20286
1477,39,53,1,0.22815296115658504,20297
1478,78,24,1,0.22792480819542846,20301
1479,47,49,1,0.22769688338723304,20312
1480,99,19,1,0.22746918650384582,20313
1481,2,58,1,0.22724171731734197,20330
1482,84,14,1,0.22701447560002463,20336
1483,109,14,1,0.2267874611244246,20338
1484,50,64,1,0.22656067366330018,20353
1485,100,9,1,0.22633411298963688,20354
1486,89,12,1,0.22610777887664724,20356
1487,107,14,1,0.22588167109777058,20356
1488,-22,47,1,0.2256557894266728,20373
1489,104,9,1,0.22543013363724612,20373
1490,66,48,1,0.22520470350360888,20377
1491,104,3,1,0.2249794988001053,20378
1492,78,31,1,0.2247545193013052,20384
1493,83,31,1,0.22452976478200387,20390
1494,104,3,1,0.22430523501722185,20391
1495,87,20,1,0.22408092978220462,20395
1496,98,12,1,0.2238568488524224,20395
1497,91,27,1,0.22363299200356998,20398
1498,54,30,1,0.22340935901156642,20413
1499,78,48,1,0.22318594965255484,20420
1500,62,32,1,0.22296276370290227,20435
1501,104,10,1,0.22273980093919937,20435
1502,111,17,1,0.22251706113826017,20436
1503,57,39,1,0.2222945440771219,20445
1504,36,32,1,0.22207224953304477,20452
1505,88,8,1,0.22185017728351172,20453
1506,115,9,1,0.2216283271062282,20453
1507,94,24,1,0.22140669877912197,20458
1508,85,16,1,0.22118529208034285,20459
1509,105,11,1,0.2209641067882625,20461
1510,25,26,1,0.22074314268147424,20469
1511,51,36,1,0.22052239953879277,20475
1512,97,13,1,0.22030187713925398,20476
1513,96,17,1,0.22008157526211472,20483
1514,85,16,1,0.2198614936868526,20484
1515,75,23,1,0.21964163219316574,20485
1516,56,18,1,0.21942199056097256,20492
1517,70,25,1,0.2192025685704116,20500
1518,-32,55,1,0.21898336600184118,20522
1519,39,20,1,0.21876438263583933,20526
1520,48,39,1,0.21854561825320348,20535
1521,112,10,1,0.21832707263495027,20537
1522,108,5,1,0.21810874556231533,20537
1523,116,9,1,0.217890636816753,20540
1524,100,10,1,0.21767274617993623,20540
1525,63,32,1,0.2174550734337563,20545
1526,120,11,1,0.21723761836032254,20545
1527,112,29,1,0.21702038074196223,20547
1528,44,42,1,0.21680336036122028,20555
1529,100,15,1,0.21658655700085905,20558
1530,102,20,1,0.2163699704438582,20562
1531,105,4,1,0.21615360047341434,20562
1532,89,27,1,0.21593744687294092,20567
1533,112,10,1,0.21572150942606796,20568
1534,94,10,1,0.2155057879166419,20568
1535,109,22,1,0.21529028212872525,20573
1536,102,9,1,0.21507499184659654,20573
1537,15,50,1,0.21485991685474995,20593
1538,100,1,1,0.2146450569378952,20593
1539,59,36,1,0.21443041188095732,20598
1540,-13,56,1,0.21421598146907636,20614
1541,81,17,1,0.21400176548760727,20620
1542,114,22,1,0.21378776372211966,20623
1543,109,12,1,0.21357397595839755,20625
1544,72,17,1,0.21336040198243916,20626
1545,118,19,1,0.21314704158045672,20629
1546,66,20,1,0.21293389453887626,20631
1547,100,30,1,0.21272096064433738,20636
1548,23,48,1,0.21250823968369303,20645
1549,88,6,1,0.21229573144400934,20646
1550,34,38,1,0.21208343571256533,20656
1551,110,36,1,0.21187135227685275,20664
1552,58,21,1,0.2116594809245759,20671
1553,50,27,1,0.21144782144365132,20680
1554,32,52,1,0.21123637362220768,20689
1555,102,29,1,0.21102513724858546,20690
1556,91,37,1,0.21081411211133688,20707
1557,80,31,1,0.21060329799922556,20709
1558,98,35,1,0.21039269470122635,20717
1559,90,14,1,0.21018230200652513,20717
1560,102,28,1,0.2099721197045186,20724
1561,110,6,1,0.20976214758481407,20724
1562,105,8,1,0.20955238543722926,20724
1563,102,2,1,0.20934283305179202,20724
1564,69,19,1,0.20913349021874023,20727
1565,96,10,1,0.2089243567285215,20728
1566,105,22,1,0.20871543237179296,20734
1567,115,15,1,0.20850671693942116,20736
1568,96,25,1,0.20829821022248174,20740
1569,104,3,1,0.20808991201225926,20740
1570,104,12,1,0.207881822100247,20740
1571,97,32,1,0.20767394027814676,20747
1572,54,40,1,0.2074662663378686,20755
1573,65,36,1,0.20725880007153075,20762
1574,88,7,1,0.20705154127145922,20764
1575,90,20,1,0.20684448973018776,20767
1576,96,5,1,0.20663764524045758,20769
1577,38,49,1,0.20643100759521713,20778
1578,102,20,1,0.20622457658762192,20779
1579,107,15,1,0.2060183520110343,20782
1580,77,31,1,0.20581233365902327,20786
1581,67,19,1,0.20560652132536425,20789
1582,114,13,1,0.20540091480403888,20789
1583,64,43,1,0.20519551388923485,20796
1584,92,16,1,0.20499031837534562,20796
1585,58,7,1,0.20478532805697028,20798
1586,90,2,1,0.2045805427289133,20798
1587,46,26,1,0.20437596218618437,20807
1588,99,16,1,0.2041715862239982,20812
1589,99,9,1,0.2039674146377742,20814
1590,-87,73,1,0.20376344722313644,20830
1591,102,2,1,0.2035596837759133,20830
1592,113,17,1,0.20335612409213738,20830
1593,56,48,1,0.20315276796804524,20845
1594,-1,60,1,0.2029496152000772,20855
1595,-39,47,1,0.20274666558487714,20870
1596,106,4,1,0.20254391891929227,20870
1597,106,7,1,0.20234137500037297,20871
1598,86,22,1,0.20213903362537258,20877
1599,108,28,1,0.2019368945917472,20880
1600,40,37,1,0.20173495769715546,20887
1601,111,26,1,0.2015332227394583,20891
1602,106,5,1,0.20133168951671884,20891
1603,87,46,1,0.20113035782720212,20895
1604,112,7,1,0.20092922746937492,20895
1605,55,38,1,0.20072829824190555,20912
1606,71,12,1,0.20052756994366364,20913
1607,104,15,1,0.20032704237371998,20914
1608,107,11,1,0.20012671533134627,20915
1609,78,23,1,0.19992658861601492,20918
1610,100,1,1,0.19972666202739892,20918
1611,102,2,1,0.19952693536537153,20918
1612,120,19,1,0.19932740843000615,20920
1613,113,8,1,0.19912808102157614,20920
1614,115,20,1,0.19892895294055457,20922
1615,56,41,1,0.19873002398761402,20936
1616,89,7,1,0.1985312939636264,20939
1617,112,8,1,0.19833276266966277,20940
1618,105,5,1,0.1981344299069931,20940
1619,31,64,1,0.1979362954770861,20953
1620,94,4,1,0.197738359181609,20953
1621,100,1,1,0.1975406208224274,20953
1622,106,27,1,0.197343080201605,20954
1623,-6,64,1,0.19714573712140337,20973
1624,76,20,1,0.19694859138428197,20978
1625,105,10,1,0.1967516427928977,20978
1626,106,16,1,0.1965548911501048,20978
1627,96,19,1,0.19635833625895469,20980
1628,48,14,1,0.19616197792269574,20986
1629,83,24,1,0.19596581594477305,20989
1630,44,43,1,0.19576985012882828,21004
1631,-5,48,1,0.19557408027869944,21007
1632,116,21,1,0.19537850619842073,21007
1633,-1,55,1,0.19518312769222232,21026
1634,80,12,1,0.19498794456453009,21028
1635,75,19,1,0.19479295661996557,21030
1636,28,43,1,0.1945981636633456,21042
1637,69,31,1,0.19440356549968224,21047
1638,85,22,1,0.19420916193418256,21048
1639,104,4,1,0.19401495277224837,21048
1640,-4,54,1,0.19382093781947612,21060
1641,100,24,1,0.19362711688165665,21067
1642,55,19,1,0.193433489764775,21071
1643,101,25,1,0.19324005627501023,21073
1644,114,8,1,0.1930468162187352,21073
1645,112,20,1,0.19285376940251647,21074
1646,25,46,1,0.19266091563311397,21083
1647,39,23,1,0.19246825471748086,21087
1648,60,47,1,0.1922757864627634,21090
1649,99,13,1,0.1920835106763006,21093
1650,112,10,1,0.19189142716562432,21093
1651,87,17,1,0.1916995357384587,21097
1652,68,31,1,0.19150783620272022,21101
1653,104,4,1,0.1913163283665175,21101
1654,76,22,1,0.19112501203815097,21102
1655,107,22,1,0.1909338870261128,21106
1656,102,9,1,0.19074295313908668,21108
1657,44,29,1,0.1905522101859476,21113
1658,112,15,1,0.19036165797576166,21115
1659,93,17,1,0.1901712963177859,21116
1660,53,29,1,0.1899811250214681,21122
1661,111,33,1,0.18979114389644663,21126
1662,74,23,1,0.1896013527525502,21132
1663,106,7,1,0.18941175139979763,21134
1664,59,29,1,0.18922233964839782,21137
1665,34,30,1,0.18903311730874942,21143
1666,100,7,1,0.18884408419144066,21144
1667,77,14,1,0.1886552401072492,21145
1668,97,28,1,0.18846658486714196,21146
1669,96,23,1,0.1882781182822748,21147
1670,95,17,1,0.18808984016399252,21147
1671,100,1,1,0.18790175032382853,21147
1672,104,12,1,0.1877138485735047,21147
1673,113,11,1,0.1875261347249312,21147
1674,97,20,1,0.1873386085902063,21148
1675,117,33,1,0.18715126998161608,21153
1676,102,2,1,0.18696411871163446,21153
1677,44,43,1,0.18677715459292282,21167
1678,69,27,1,0.1865903774383299,21174
1679,45,30,1,0.18640378706089158,21180
1680,106,4,1,0.1862173832738307,21180
1681,114,8,1,0.18603116589055688,21180
1682,45,41,1,0.18584513472466632,21188
1683,98,6,1,0.18565928958994166,21188
1684,75,37,1,0.18547363030035172,21196
1685,112,10,1,0.18528815667005136,21196
1686,68,38,1,0.1851028685133813,21205
1687,79,22,1,0.18491776564486792,21211
1688,65,14,1,0.18473284787922306,21213
1689,128,17,1,0.18454811503134383,21214
1690,97,20,1,0.18436356691631248,21214
1691,107,6,1,0.18417920334939616,21215
1692,112,7,1,0.18399502414604677,21217
1693,113,14,1,0.18381102912190073,21217
1694,100,17,1,0.18362721809277882,21217
1695,78,20,1,0.18344359087468604,21220
1696,93,14,1,0.18326014728381135,21223
1697,133,23,1,0.18307688713652753,21224
1698,88,28,1,0.182893810249391,21229
1699,106,13,1,0.1827109164391416,21229
1700,80,22,1,0.18252820552270246,21233
1701,122,14,1,0.18234567731717977,21233
1702,-55,61,1,0.1821633316398626,21243
1703,103,14,1,0.18198116830822272,21245
1704,67,27,1,0.1817991871399145,21258
1705,23,34,1,0.18161738795277457,21270
1706,65,35,1,0.1814357705648218,21277
1707,95,26,1,0.18125433479425698,21284
1708,24,39,1,0.18107308045946272,21294
1709,105,7,1,0.18089200737900324,21295
1710,110,11,1,0.18071111537162424,21295
1711,86,24,1,0.1805304042562526,21298
1712,114,8,1,0.18034987385199636,21298
1713,101,2,1,0.18016952397814437,21298
1714,105,18,1,0.17998935445416622,21299
1715,53,33,1,0.17980936509971204,21312
1716,103,19,1,0.17962955573461234,21315
1717,106,4,1,0.17944992617887773,21315
1718,43,39,1,0.17927047625269885,21323
1719,81,16,1,0.17909120577644616,21327
1720,81,10,1,0.17891211457066972,21328
1721,102,2,1,0.17873320245609906,21328
1722,114,8,1,0.17855446925364296,21328
1723,74,39,1,0.17837591478438933,21338
1724,48,37,1,0.17819753886960493,21347
1725,-31,44,1,0.17801934133073533,21360
1726,103,10,1,0.17784132198940458,21360
1727,98,6,1,0.1776634806674152,21360
1728,80,12,1,0.17748581718674777,21363
1729,122,26,1,0.17730833136956103,21369
1730,62,25,1,0.17713102303819148,21372
1731,114,15,1,0.1769538920151533,21372
1732,101,13,1,0.17677693812313813,21374
1733,112,7,1,0.17660016118501498,21374
1734,88,4,1,0.17642356102382997,21376
1735,105,9,1,0.17624713746280615,21376
1736,86,10,1,0.17607089032534334,21377
1737,51,49,1,0.175894819435018,21391
1738,96,5,1,0.17571892461558297,21391
1739,99,18,1,0.1755432056909674,21393
1740,99,18,1,0.17536766248527644,21394
1741,97,24,1,0.17519229482279117,21398
1742,100,1,1,0.17501710252796837,21398
1743,44,32,1,0.1748420854254404,21403
1744,103,19,1,0.17466724334001496,21405
1745,97,9,1,0.17449257609667496,21406
1746,14,49,1,0.1743180835205783,21417
1747,84,5,1,0.1741437654370577,21418
1748,69,18,1,0.17396962167162064,21421
1749,37,59,1,0.173795652049949,21439
1750,85,11,1,0.17362185639789907,21443
1751,95,13,1,0.17344823454150116,21447
1752,118,12,1,0.17327478630695967,21447
1753,53,26,1,0.1731015115206527,21451
1754,110,12,1,0.17292841000913206,21451
1755,114,8,1,0.17275548159912293,21451
1756,88,16,1,0.17258272611752382,21455
1757,33,34,1,0.17241014339140628,21467
1758,2,53,1,0.1722377332480149,21488
1759,94,28,1,0.17206549551476688,21489
1760,116,12,1,0.1718934300192521,21489
1761,108,7,1,0.17172153658923286,21490
1762,102,5,1,0.17154981505264363,21490
1763,102,2,1,0.17137826523759098,21490
1764,53,18,1,0.1712068869723534,21494
1765,41,30,1,0.17103568008538103,21500
1766,90,20,1,0.17086464440529564,21500
1767,58,19,1,0.17069377976089034,21509
1768,104,6,1,0.17052308598112945,21510
1769,103,32,1,0.17035256289514833,21519
1770,117,23,1,0.17018221033225317,21519
1771,19,50,1,0.17001202812192093,21532
1772,91,11,1,0.169842016093799,21532
1773,108,6,1,0.1696721740777052,21533
1774,104,4,1,0.1695025019036275,21533
1775,86,15,1,0.1693329994017239,21538
1776,7,50,1,0.16916366640232217,21552
1777,50,27,1,0.16899450273591984,21562
1778,99,9,1,0.16882550823318393,21562
1779,70,32,1,0.16865668272495074,21569
1780,95,21,1,0.1684880260422258,21575
1781,97,18,1,0.16831953801618357,21580
1782,92,3,1,0.16815121847816739,21581
1783,75,21,1,0.16798306725968923,21586
1784,77,28,1,0.16781508419242955,21589
1785,104,18,1,0.16764726910823713,21592
1786,102,2,1,0.1674796218391289,21592
1787,61,15,1,0.16731214221728977,21598
1788,94,19,1,0.16714483007507247,21598
1789,71,17,1,0.1669776852449974,21603
1790,100,1,1,0.1668107075597524,21603
1791,106,18,1,0.16664389685219266,21603
1792,108,8,1,0.16647725295534047,21604
1793,93,30,1,0.16631077570238512,21608
1794,71,19,1,0.16614446492668272,21612
1795,92,24,1,0.16597832046175603,21619
1796,71,36,1,0.16581234214129428,21621
1797,105,13,1,0.16564652979915298,21623
1798,110,15,1,0.16548088326935384,21626
1799,92,14,1,0.1653154023860845,21628
1800,48,28,1,0.1651500869836984,21637
1801,61,26,1,0.1649849368967147,21640
1802,102,5,1,0.164819951959818,21641
1803,84,13,1,0.16465513200785817,21644
1804,57,36,1,0.1644904768758503,21658
1805,117,24,1,0.16432598639897444,21662
1806,6,32,1,0.16416166041257546,21672
1807,137,20,1,0.16399749875216288,21673
1808,95,9,1,0.16383350125341073,21673
1809,110,9,1,0.16366966775215733,21674
1810,112,16,1,0.16350599808440516,21675
1811,103,3,1,0.16334249208632076,21675
1812,110,17,1,0.16317914959423443,21675
1813,96,17,1,0.1630159704446402,21678
1814,78,26,1,0.16285295447419557,21683
1815,98,14,1,0.16269010151972138,21684
1816,87,15,1,0.16252741141820165,21688
1817,54,41,1,0.16236488400678345,21703
1818,101,29,1,0.16220251912277667,21706
1819,65,28,1,0.1620403166036539,21711
1820,97,32,1,0.16187827628705023,21711
1821,72,8,1,0.16171639801076318,21715
1822,83,23,1,0.1615546816127524,21717
1823,89,17,1,0.16139312693113966,21719
1824,100,4,1,0.16123173380420852,21719
1825,93,13,1,0.16107050207040433,21721
1826,27,38,1,0.16090943156833393,21730
1827,87,33,1,0.1607485221367656,21733
1828,101,18,1,0.16058777361462884,21740
1829,-17,57,1,0.1604271858410142,21757
1830,36,35,1,0.16026675865517317,21766
1831,85,19,1,0.160106491896518,21769
1832,90,13,1,0.15994638540462147,21773
1833,102,14,1,0.15978643901921685,21774
1834,-13,52,1,0.15962665258019765,21791
1835,108,15,1,0.15946702592761744,21793
1836,93,20,1,0.15930755890168982,21795
1837,108,5,1,0.15914825134278812,21795
1838,55,15,1,0.15898910309144534,21797
1839,85,11,1,0.1588301139883539,21797
1840,93,15,1,0.15867128387436555,21800
1841,122,12,1,0.15851261259049118,21800
1842,24,57,1,0.1583540999779007,21811
1843,109,6,1,0.1581957458779228,21811
1844,92,32,1,0.15803755013204487,21814
1845,0,54,1,0.15787951258191282,21830
1846,104,16,1,0.1577216330693309,21831
1847,112,17,1,0.15756391143626158,21832
1848,78,26,1,0.15740634752482532,21837
1849,108,11,1,0.1572489411773005,21837
1850,84,25,1,0.1570916922361232,21840
1851,65,20,1,0.15693460054388708,21841
1852,88,12,1,0.1567776659433432,21841
1853,113,12,1,0.15662088827739984,21842
1854,116,25,1,0.15646426738912245,21845
1855,43,24,1,0.1563078031217333,21848
1856,103,21,1,0.15615149531861158,21852
1857,106,4,1,0.15599534382329297,21852
1858,96,32,1,0.15583934847946967,21855
1859,94,19,1,0.15568350913099022,21857
1860,86,24,1,0.15552782562185924,21863
1861,-51,77,1,0.15537229779623737,21880
1862,96,3,1,0.15521692549844113,21882
1863,72,18,1,0.15506170857294269,21885
1864,113,8,1,0.15490664686436975,21885
1865,33,29,1,0.15475174021750537,21894
1866,94,24,1,0.15459698847728787,21898
1867,106,4,1,0.1544423914888106,21898
1868,106,4,1,0.15428794909732177,21898
1869,108,18,1,0.15413366114822444,21898
1870,114,8,1,0.15397952748707622,21898
1871,4,55,1,0.15382554795958914,21919
1872,-5,59,1,0.15367172241162955,21938
1873,100,8,1,0.15351805068921792,21939
1874,104,3,1,0.1533645326385287,21939
1875,-82,53,1,0.15321116810589017,21952
1876,105,4,1,0.1530579569377843,21952
1877,74,15,1,0.1529048989808465,21957
1878,102,11,1,0.15275199408186566,21958
1879,75,18,1,0.15259924208778378,21964
1880,113,12,1,0.15244664284569598,21964
1881,45,44,1,0.15229419620285028,21973
1882,44,30,1,0.15214190200664743,21978
1883,83,15,1,0.15198976010464077,21982
1884,123,14,1,0.15183777034453613,21983
1885,120,12,1,0.1516859325741916,21983
1886,53,32,1,0.1515342466416174,21991
1887,106,19,1,0.1513827123949758,21994
1888,82,26,1,0.15123132968258082,21999
1889,102,2,1,0.15108009835289823,21999
1890,94,20,1,0.15092901825454533,22000
1891,118,16,1,0.15077808923629077,22000
1892,85,7,1,0.15062731114705447,22000
1893,115,18,1,0.1504766838359074,22001
1894,124,13,1,0.15032620715207148,22002
1895,80,16,1,0.1501758809449194,22008
1896,109,6,1,0.15002570506397447,22011
1897,116,21,1,0.1498756793589105,22013
1898,115,26,1,0.14972580367955157,22018
1899,79,28,1,0.14957607787587202,22030
1900,47,28,1,0.14942650179799613,22038
1901,68,26,1,0.14927707529619813,22048
1902,98,4,1,0.14912779822090194,22048
1903,83,21,1,0.14897867042268104,22058
1904,106,4,1,0.14882969175225835,22058
1905,-5,50,1,0.1486808620605061,22070
1906,88,10,1,0.14853218119844558,22074
1907,60,16,1,0.14838364901724713,22079
1908,100,7,1,0.14823526536822987,22080
1909,108,8,1,0.14808703010286164,22080
1910,61,24,1,0.1479389430727588,22086
1911,86,33,1,0.14779100412968604,22088
1912,123,16,1,0.14764321312555637,22088
1913,55,23,1,0.14749556991243082,22093
1914,51,27,1,0.1473480743425184,22103
1915,106,17,1,0.14720072626817587,22104
1916,101,17,1,0.1470535255419077,22104
1917,58,36,1,0.1469064720163658,22109
1918,76,10,1,0.14675956554434944,22109
1919,104,3,1,0.14661280597880508,22109
1920,71,21,1,0.14646619317282628,22112
1921,125,22,1,0.14631972697965345,22116
1922,26,26,1,0.1461734072526738,22125
1923,88,10,1,0.14602723384542113,22126
1924,104,3,1,0.14588120661157572,22126
1925,67,7,1,0.14573532540496414,22127
1926,85,17,1,0.14558959007955918,22127
1927,103,16,1,0.1454440004894796,22130
1928,63,39,1,0.14529855648899012,22143
1929,102,11,1,0.14515325793250114,22144
1930,104,9,1,0.14500810467456865,22145
1931,45,30,1,0.14486309656989407,22154
1932,108,5,1,0.1447182334733242,22154
1933,109,12,1,0.14457351523985087,22154
1934,69,45,1,0.14442894172461102,22164
1935,95,22,1,0.1442845127828864,22166
1936,96,14,1,0.1441402282701035,22167
1937,100,1,1,0.1439960880418334,22167
1938,102,2,1,0.14385209195379156,22167
1939,110,6,1,0.14370823986183776,22167
1940,52,34,1,0.1435645316219759,22177
1941,115,9,1,0.14342096709035393,22177
1942,104,7,1,0.14327754612326357,22178
1943,62,24,1,0.14313426857714032,22186
1944,121,12,1,0.14299113430856317,22186
1945,104,3,1,0.1428481431742546,22186
1946,119,20,1,0.14270529503108034,22188
1947,106,27,1,0.14256258973604927,22192
1948,52,29,1,0.14242002714631322,22195
1949,94,4,1,0.1422776071191669,22195
1950,112,10,1,0.14213532951204774,22195
1951,92,8,1,0.1419931941825357,22198
1952,102,8,1,0.14185120098835316,22198
1953,88,13,1,0.1417093497873648,22202
1954,93,35,1,0.14156764043757744,22207
1955,101,8,1,0.14142607279713987,22207
1956,92,11,1,0.14128464672434274,22210
1957,68,44,1,0.1411433620776184,22221
1958,-91,84,1,0.14100221871554078,22250
1959,94,5,1,0.14086121649682523,22250
1960,19,38,1,0.14072035528032842,22257
1961,96,24,1,0.1405796349250481,22263
1962,64,35,1,0.14043905529012304,22271
1963,-83,81,1,0.14029861623483292,22301
1964,53,31,1,0.1401583176185981,22306
1965,57,31,1,0.1400181593009795,22308
1966,106,4,1,0.1398781411416785,22308
1967,98,6,1,0.13973826300053682,22308
1968,110,9,1,0.13959852473753628,22308
1969,89,26,1,0.13945892621279873,22313
1970,93,22,1,0.13931946728658592,22322
1971,74,13,1,0.13918014781929933,22326
1972,115,15,1,0.13904096767148003,22326
1973,115,9,1,0.13890192670380855,22326
1974,104,3,1,0.13876302477710473,22326
1975,102,15,1,0.13862426175232762,22327
1976,127,21,1,0.1384856374905753,22327
1977,106,24,1,0.13834715185308472,22328
1978,106,12,1,0.13820880470123162,22328
1979,132,25,1,0.1380705958965304,22328
1980,107,18,1,0.13793252530063388,22332
1981,114,11,1,0.13779459277533324,22333
1982,107,24,1,0.1376567981825579,22334
1983,52,36,1,0.13751914138437535,22346
1984,101,21,1,0.13738162224299097,22348
1985,117,25,1,0.13724424062074797,22349
1986,106,29,1,0.13710699638012722,22356
1987,60,14,1,0.1369698893837471,22359
1988,33,24,1,0.13683291949436335,22364
1989,117,15,1,0.13669608657486898,22365
1990,100,1,1,0.1365593904882941,22365
1991,84,15,1,0.1364228310978058,22368
1992,117,12,1,0.13628640826670801,22369
1993,102,19,1,0.1361501218584413,22373
1994,52,33,1,0.13601397173658286,22379
1995,98,12,1,0.1358779577648463,22380
1996,108,13,1,0.13574207980708144,22380
1997,68,38,1,0.13560633772727437,22389
1998,52,43,1,0.1354707313895471,22400
1999,90,25,1,0.13533526065815754,22408
2000,94,23,1,0.1351999253974994,22413
2001,124,17,1,0.13506472547210188,22414
2002,84,28,1,0.1349296607466298,22417
2003,86,15,1,0.13479473108588316,22417
2004,8,57,1,0.13465993635479728,22438
2005,98,11,1,0.13452527641844247,22438
2006,104,15,1,0.13439075114202403,22440
2007,52,30,1,0.134256360390882,22446
2008,115,9,1,0.13412210403049113,22446
2009,32,41,1,0.13398798192646064,22457
2010,108,12,1,0.13385399394453418,22458
2011,110,6,1,0.13372013995058965,22458
2012,26,49,1,0.13358641981063907,22474
2013,117,28,1,0.13345283339082842,22480
2014,53,21,1,0.13331938055743758,22484
2015,59,31,1,0.13318606117688014,22486
2016,109,31,1,0.13305287511570327,22493
2017,52,28,1,0.13291982224058757,22498
2018,83,15,1,0.13278690241834698,22500
2019,89,36,1,0.13265411551592862,22508
2020,82,13,1,0.13252146140041268,22511
2021,12,27,1,0.13238893993901227,22517
2022,101,15,1,0.13225655099907327,22518
2023,84,33,1,0.1321242944480742,22528
2024,106,4,1,0.13199217015362613,22528
2025,109,19,1,0.1318601779834725,22529
2026,107,14,1,0.13172831780548902,22529
2027,77,26,1,0.13159658948768352,22533
2028,100,1,1,0.13146499289819583,22533
2029,114,12,1,0.13133352790529762,22533
2030,36,38,1,0.13120219437739233,22548
2031,-21,51,1,0.13107099218301493,22560
2032,112,13,1,0.13093992119083192,22561
2033,100,1,1,0.13080898126964108,22561
2034,107,5,1,0.13067817228837145,22562
2035,73,15,1,0.13054749411608307,22564
2036,36,27,1,0.13041694662196698,22573
2037,93,9,1,0.13028652967534501,22578
2038,-17,69,1,0.13015624314566968,22593
2039,85,20,1,0.130026086902524,22597
2040,79,33,1,0.1298960608156215,22607
2041,16,36,1,0.12976616475480587,22612
2042,26,20,1,0.12963639859005108,22618
2043,114,21,1,0.12950676219146104,22619
2044,102,2,1,0.1293772554292696,22619
2045,111,7,1,0.1292478781738403,22621
2046,103,14,1,0.12911863029566648,22625
2047,88,24,1,0.12898951166537082,22626
2048,100,1,1,0.12886052215370544,22627
2049,94,24,1,0.12873166163155172,22630
2050,105,13,1,0.12860292996992018,22630
2051,83,19,1,0.12847432703995026,22634
2052,33,29,1,0.12834585271291032,22641
2053,108,17,1,0.12821750686019742,22645
2054,69,23,1,0.12808928935333722,22648
2055,103,15,1,0.12796120006398387,22648
2056,98,22,1,0.1278332388639199,22650
2057,89,17,1,0.12770540562505597,22652
2058,82,10,1,0.1275777002194309,22656
2059,111,26,1,0.12745012251921148,22656
2060,102,2,1,0.12732267239669226,22656
2061,97,18,1,0.12719534972429558,22662
2062,95,8,1,0.12706815437457128,22662
2063,123,13,1,0.1269410862201967,22662
2064,35,34,1,0.1268141451339765,22671
2065,110,12,1,0.12668733098884255,22671
2066,68,42,1,0.12656064365785372,22684
2067,112,7,1,0.12643408301419587,22684
2068,100,1,1,0.12630764893118168,22684
2069,106,29,1,0.1261813412822505,22686
2070,100,1,1,0.12605515994096825,22686
2071,108,7,1,0.12592910478102728,22687
2072,104,12,1,0.12580317567624627,22687
2073,114,12,1,0.12567737250057,22689
2074,102,2,1,0.12555169512806943,22689
2075,71,40,1,0.12542614343294137,22707
2076,87,20,1,0.12530071728950842,22711
2077,101,23,1,0.12517541657221892,22715
2078,110,6,1,0.1250502411556467,22715
2079,104,3,1,0.12492519091449104,22715
2080,101,2,1,0.12480026572357655,22715
2081,103,4,1,0.12467546545785298,22715
2082,94,28,1,0.12455078999239512,22717
2083,102,8,1,0.12442623920240273,22719
2084,100,22,1,0.12430181296320032,22721
2085,93,17,1,0.12417751115023712,22723
2086,80,24,1,0.12405333363908688,22730
2087,40,25,1,0.1239292803054478,22737
2088,112,14,1,0.12380535102514234,22738
2089,134,19,1,0.1236815456741172,22738
2090,108,5,1,0.12355786412844308,22738
2091,-42,59,1,0.12343430626431463,22756
2092,108,8,1,0.12331087195805032,22756
2093,108,23,1,0.12318756108609227,22757
2094,98,12,1,0.12306437352500618,22762
2095,125,17,1,0.12294130915148117,22762
2096,99,7,1,0.12281836784232969,22762
2097,95,13,1,0.12269554947448735,22766
2098,-12,47,1,0.12257285392501287,22781
2099,129,22,1,0.12245028107108785,22781
2100,48,35,1,0.12232783079001676,22790
2101,114,14,1,0.12220550295922675,22790
2102,97,30,1,0.12208329745626752,22793
2103,67,37,1,0.12196121415881125,22800
2104,34,32,1,0.12183925294465245,22805
2105,89,10,1,0.1217174136917078,22806
2106,70,25,1,0.12159569627801609,22811
2107,58,19,1,0.12147410058173808,22815
2108,89,11,1,0.12135262648115634,22815
2109,110,6,1,0.12123127385467519,22815
2110,98,4,1,0.12111004258082052,22816
2111,106,4,1,0.1209889325382397,22816
2112,91,12,1,0.12086794360570145,22819
2113,47,41,1,0.12074707566209575,22827
2114,109,17,1,0.12062632858643366,22828
2115,70,19,1,0.12050570225784722,22836
2116,88,12,1,0.12038519655558938,22837
2117,117,11,1,0.12026481135903379,22838
2118,108,8,1,0.12014454654767476,22838
2119,106,4,1,0.12002440200112709,22838
2120,116,9,1,0.11990437759912596,22838
2121,98,18,1,0.11978447322152684,22842
2122,110,6,1,0.11966468874830531,22842
2123,86,6,1,0.11954502405955701,22843
2124,122,17,1,0.11942547903549745,22843
2125,108,5,1,0.11930605355646196,22843
2126,0,45,1,0.11918674750290549,22853
2127,55,31,1,0.11906756075540259,22858
2128,115,14,1,0.11894849319464719,22859
2129,104,8,1,0.11882954470145254,22860
2130,88,7,1,0.11871071515675109,22861
2131,113,8,1,0.11859200444159435,22861
2132,4,62,1,0.11847341243715274,22880
2133,37,36,1,0.1183549390247156,22893
2134,106,4,1,0.11823658408569088,22893
2135,105,22,1,0.11811834750160519,22895
2136,1,44,1,0.11800022915410358,22905
2137,89,17,1,0.11788222892494947,22906
2138,117,10,1,0.11776434669602452,22906
2139,81,16,1,0.1176465823493285,22908
2140,103,15,1,0.11752893576697916,22908
2141,75,14,1,0.11741140683121218,22911
2142,107,19,1,0.11729399542438097,22917
2143,102,2,1,0.11717670142895659,22917
2144,32,29,1,0.11705952472752763,22924
2145,16,38,1,0.1169424652028001,22936
2146,102,11,1,0.1168255227375973,22937
2147,95,14,1,0.1167086972148597,22937
2148,115,9,1,0.11659198851764484,22938
2149,119,20,1,0.1164753965291272,22938
2150,110,10,1,0.11635892113259806,22938
2151,81,17,1,0.11624256221146546,22939
2152,93,15,1,0.116126319649254,22943
2153,55,42,1,0.11601019332960474,22951
2154,95,5,1,0.11589418313627514,22951
2155,102,8,1,0.11577828895313887,22952
2156,109,8,1,0.11566251066418573,22953
2157,96,13,1,0.11554684815352155,22953
2158,82,17,1,0.11543130130536802,22957
2159,93,16,1,0.11531587000406265,22960
2160,60,23,1,0.1152005541340586,22966
2161,116,9,1,0.11508535357992454,22966
2162,93,10,1,0.11497026822634461,22966
2163,52,34,1,0.11485529795811826,22976
2164,77,24,1,0.11474044266016015,22980
2165,110,23,1,0.11462570221749999,22981
2166,65,30,1,0.11451107651528249,22986
2167,47,37,1,0.11439656543876721,22993
2168,107,8,1,0.11428216887332844,22993
2169,110,12,1,0.11416788670445512,22994
2170,56,30,1,0.11405371881775066,23000
2171,17,44,1,0.11393966509893291,23019
2172,50,31,1,0.11382572543383399,23026
2173,101,18,1,0.11371189970840015,23029
2174,66,23,1,0.11359818780869176,23031
2175,110,12,1,0.11348458962088306,23032
2176,117,23,1,0.11337110503126219,23036
2177,118,13,1,0.11325773392623092,23037
2178,73,31,1,0.1131444761923047,23041
2179,116,22,1,0.11303133171611239,23053
2180,42,52,1,0.11291830038439628,23068
2181,106,13,1,0.11280538208401188,23069
2182,119,16,1,0.11269257670192787,23071
2183,108,5,1,0.11257988412522593,23071
2184,28,36,1,0.1124673042411007,23076
2185,116,15,1,0.1123548369368596,23076
2186,59,26,1,0.11224248209992274,23080
2187,105,13,1,0.11213023961782281,23080
2188,95,17,1,0.11201810937820499,23084
2189,94,26,1,0.11190609126882678,23087
2190,109,8,1,0.11179418517755796,23087
2191,128,15,1,0.1116823909923804,23087
2192,46,38,1,0.11157070860138803,23102
2193,101,14,1,0.11145913789278664,23103
2194,108,8,1,0.11134767875489385,23103
2195,48,31,1,0.11123633107613895,23114
2196,130,17,1,0.11112509474506281,23115
2197,97,8,1,0.11101396965031775,23116
2198,108,6,1,0.11090295568066744,23117
2199,95,13,1,0.11079205272498677,23120
2200,131,17,1,0.11068126067226178,23121
2201,124,16,1,0.11057057941158951,23121
2202,89,26,1,0.11046000883217792,23123
2203,66,31,1,0.11034954882334574,23130
2204,100,18,1,0.1102391992745224,23131
2205,93,32,1,0.11012896007524788,23142
2206,86,15,1,0.11001883111517263,23144
2207,112,11,1,0.10990881228405747,23145
2208,89,26,1,0.10979890347177342,23150
2209,-34,44,1,0.10968910456830164,23164
2210,46,23,1,0.10957941546373333,23171
2211,125,18,1,0.1094698360482696,23174
2212,72,31,1,0.10936036621222132,23185
2213,105,10,1,0.10925100584600911,23185
2214,100,4,1,0.1091417548401631,23185
2215,102,2,1,0.10903261308532293,23185
2216,89,13,1,0.1089235804722376,23188
2217,88,8,1,0.10881465689176537,23190
2218,112,24,1,0.1087058422348736,23195
2219,36,20,1,0.10859713639263872,23202
2220,92,6,1,0.10848853925624609,23202
2221,96,10,1,0.10838005071698985,23203
2222,94,22,1,0.10827167066627286,23207
2223,113,18,1,0.10816339899560658,23207
2224,115,16,1,0.10805523559661097,23208
2225,118,17,1,0.10794718036101436,23208
2226,76,24,1,0.10783923318065335,23214
2227,112,13,1,0.10773139394747269,23217
2228,102,5,1,0.10762366255352522,23217
2229,100,10,1,0.1075160388909717,23219
2230,120,17,1,0.10740852285208072,23220
2231,72,13,1,0.10730111432922863,23221
2232,107,6,1,0.1071938132148994,23221
2233,64,30,1,0.1070866194016845,23230
2234,75,23,1,0.10697953278228281,23238
2235,-21,46,1,0.10687255324950053,23256
2236,111,27,1,0.10676568069625103,23257
2237,102,2,1,0.10665891501555477,23257
2238,112,33,1,0.10655225610053921,23262
2239,89,28,1,0.10644570384443867,23267
2240,89,23,1,0.10633925814059424,23270
2241,100,1,1,0.10623291888245365,23270
2242,64,29,1,0.1061266859635712,23282
2243,98,21,1,0.10602055927760762,23283
2244,101,18,1,0.10591453871833001,23287
2245,110,6,1,0.10580862417961168,23287
2246,90,2,1,0.10570281555543207,23287
2247,104,3,1,0.10559711273987664,23287
2248,100,1,1,0.10549151562713677,23287
2249,102,2,1,0.10538602411150963,23287
2250,66,26,1,0.10528063808739813,23289
2251,104,6,1,0.10517535744931072,23289
2252,66,20,1,0.10507018209186142,23292
2253,104,10,1,0.10496511190976955,23293
2254,112,29,1,0.10486014679785978,23296
2255,110,10,1,0.10475528665106192,23296
2256,116,17,1,0.10465053136441085,23297
2257,74,9,1,0.10454588083304645,23300
2258,81,27,1,0.1044413349522134,23308
2259,115,16,1,0.10433689361726119,23309
2260,122,18,1,0.10423255672364393,23311
2261,104,4,1,0.10412832416692028,23311
2262,118,16,1,0.10402419584275335,23312
2263,97,13,1,0.1039201716469106,23314
2264,102,6,1,0.10381625147526369,23316
2265,76,22,1,0.10371243522378842,23318
2266,93,14,1,0.10360872278856463,23320
2267,79,15,1,0.10350511406577606,23322
2268,106,26,1,0.10340160895171029,23322
2269,73,13,1,0.10329820734275857,23325
2270,76,35,1,0.10319490913541582,23330
2271,101,6,1,0.1030917142262804,23331
2272,118,10,1,0.10298862251205412,23331
2273,86,11,1,0.10288563388954207,23333
2274,110,13,1,0.10278274825565252,23333
2275,104,4,1,0.10267996550739687,23334
2276,97,6,1,0.10257728554188948,23336
2277,102,26,1,0.1024747082563476,23340
2278,114,20,1,0.10237223354809125,23341
2279,108,5,1,0.10226986131454316,23341
2280,73,49,1,0.10216759145322861,23343
2281,103,3,1,0.10206542386177538,23343
2282,102,21,1,0.1019633584379136,23345
2283,88,20,1,0.10186139507947568,23349
2284,100,1,1,0.1017595336843962,23349
2285,106,5,1,0.10165777415071181,23349
2286,-56,64,1,0.1015561163765611,23370
2287,102,2,1,0.10145456026018454,23370
2288,76,13,1,0.10135310569992435,23373
2289,49,38,1,0.10125175259422443,23383
2290,115,18,1,0.10115050084163021,23383
2291,91,16,1,0.10104935034078859,23383
2292,87,28,1,0.1009483009904478,23392
2293,100,4,1,0.10084735268945735,23392
2294,110,13,1,0.10074650533676789,23392
2295,52,17,1,0.10064575883143112,23397
2296,32,38,1,0.1005451130725997,23405
2297,102,2,1,0.1004445679595271,23405
2298,45,33,1,0.10034412339156756,23411
2299,112,14,1,0.100243779268176,23413
2300,66,31,1,0.10014353548890782,23419
2301,112,7,1,0.10004339195341891,23419
2302,73,9,1,0.09994334856146549,23423
2303,106,5,1,0.09984340521290402,23423
2304,118,23,1,0.09974356180769112,23426
2305,102,2,1,0.09964381824588342,23426
2306,116,26,1,0.09954417442763754,23430
2307,106,12,1,0.0994446302532099,23433
2308,91,42,1,0.09934518562295669,23443
2309,97,22,1,0.09924584043733373,23445
2310,119,11,1,0.0991465945968964,23445
2311,101,2,1,0.0990474480022995,23446
2312,114,8,1,0.09894840055429721,23446
2313,101,2,1,0.09884945215374291,23446
2314,116,9,1,0.09875060270158917,23446
2315,111,8,1,0.09865185209888758,23446
2316,100,13,1,0.0985532002467887,23446
2317,63,24,1,0.0984546470465419,23452
2318,68,49,1,0.09835619239949536,23454
2319,94,12,1,0.09825783620709587,23454
2320,89,30,1,0.09815957837088878,23464
2321,73,9,1,0.09806141879251788,23468
2322,126,15,1,0.09796335737372537,23468
2323,109,7,1,0.09786539401635165,23468
2324,110,10,1,0.0977675286223353,23469
2325,79,18,1,0.09766976109371296,23474
2326,58,17,1,0.09757209133261925,23478
2327,136,22,1,0.09747451924128663,23478
2328,119,16,1,0.09737704472204534,23478
2329,100,7,1,0.0972796676773233,23478
2330,72,33,1,0.09718238800964597,23488
2331,91,18,1,0.09708520562163633,23492
2332,109,11,1,0.09698812041601469,23492
2333,114,8,1,0.09689113229559868,23492
2334,103,9,1,0.09679424116330308,23492
2335,108,5,1,0.09669744692213977,23492
2336,71,42,1,0.09660074947521763,23501
2337,97,13,1,0.09650414872574241,23501
2338,120,11,1,0.09640764457701667,23501
2339,79,25,1,0.09631123693243965,23505
2340,47,40,1,0.09621492569550721,23518
2341,104,4,1,0.09611871076981171,23518
2342,108,5,1,0.0960225920590419,23518
2343,88,11,1,0.09592656946698286,23521
2344,55,26,1,0.09583064289751587,23521
2345,122,17,1,0.09573481225461836,23522
2346,94,14,1,0.09563907744236373,23524
2347,38,37,1,0.09554343836492137,23534
2348,41,20,1,0.09544789492655645,23539
2349,100,1,1,0.09535244703162989,23539
2350,94,8,1,0.09525709458459826,23541
2351,64,28,1,0.09516183749001367,23547
2352,108,8,1,0.09506667565252365,23547
2353,107,14,1,0.09497160897687112,23547
2354,44,43,1,0.09487663736789426,23563
2355,121,16,1,0.09478176073052637,23563
2356,110,14,1,0.09468697896979585,23565
2357,114,9,1,0.09459229199082606,23566
2358,119,12,1,0.09449769969883523,23566
2359,86,22,1,0.09440320199913639,23570
2360,117,11,1,0.09430879879713726,23571
2361,110,24,1,0.09421448999834012,23572
2362,114,14,1,0.09412027550834177,23572
2363,111,7,1,0.09402615523283343,23572
2364,90,7,1,0.0939321290776006,23574
2365,38,36,1,0.093838196948523,23578
2366,-2,42,1,0.09374435875157447,23589
2367,113,17,1,0.09365061439282289,23589
2368,71,11,1,0.09355696377843006,23591
2369,98,7,1,0.09346340681465164,23591
2370,120,11,1,0.09336994340783698,23593
2371,110,29,1,0.09327657346442915,23598
2372,100,1,1,0.09318329689096472,23598
2373,98,23,1,0.09309011359407375,23600
2374,123,26,1,0.09299702348047968,23601
2375,114,13,1,0.0929040264569992,23601
2376,112,15,1,0.09281112243054221,23605
2377,93,20,1,0.09271831130811167,23608
2378,104,8,1,0.09262559299680356,23608
2379,109,10,1,0.09253296740380676,23609
2380,119,15,1,0.09244043443640296,23609
2381,121,14,1,0.09234799400196655,23609
2382,73,39,1,0.09225564600796458,23613
2383,130,23,1,0.09216339036195662,23615
2384,76,15,1,0.09207122697159466,23618
2385,128,26,1,0.09197915574462306,23623
2386,75,21,1,0.09188717658887845,23628
2387,81,33,1,0.09179528941228957,23636
2388,68,32,1,0.09170349412287727,23637
2389,84,23,1,0.0916117906287544,23641
2390,107,15,1,0.09152017883812565,23643
2391,75,27,1,0.09142865865928752,23655
2392,108,16,1,0.09133723000062824,23656
2393,116,16,1,0.09124589277062761,23656
2394,115,15,1,0.09115464687785699,23658
2395,104,3,1,0.09106349223097913,23658
2396,100,3,1,0.09097242873874815,23658
2397,107,14,1,0.0908814563100094,23660
2398,79,29,1,0.0907905748536994,23665
2399,100,18,1,0.0906997842788457,23667
2400,119,17,1,0.09060908449456685,23667
2401,89,9,1,0.09051847541007228,23667
2402,119,15,1,0.09042795693466221,23668
2403,113,11,1,0.09033752897772755,23668
2404,99,25,1,0.09024719144874982,23669
2405,118,17,1,0.09015694425730107,23669
2406,107,12,1,0.09006678731304377,23669
2407,82,14,1,0.08997672052573072,23674
2408,106,7,1,0.08988674380520499,23674
2409,108,11,1,0.08979685706139978,23674
2410,97,8,1,0.08970706020433838,23674
2411,103,16,1,0.08961735314413405,23676
2412,89,26,1,0.08952773579098991,23678
2413,106,25,1,0.08943820805519892,23684
2414,112,7,1,0.08934876984714372,23684
2415,100,1,1,0.08925942107729658,23684
2416,106,4,1,0.08917016165621929,23684
2417,119,18,1,0.08908099149456307,23684
2418,108,12,1,0.08899191050306851,23684
2419,108,32,1,0.08890291859256544,23691
2420,78,19,1,0.08881401567397287,23694
2421,45,27,1,0.0887252016582989,23702
2422,105,21,1,0.0886364764566406,23706
2423,130,21,1,0.08854783998018396,23706
2424,108,11,1,0.08845929214020377,23706
2425,79,30,1,0.08837083284806357,23712
2426,33,27,1,0.08828246201521552,23715
2427,85,23,1,0.0881941795532003,23719
2428,75,25,1,0.0881059853736471,23727
2429,94,10,1,0.08801787938827345,23727
2430,115,10,1,0.08792986150888517,23727
2431,120,11,1,0.08784193164737629,23727
2432,97,13,1,0.08775408971572891,23730
2433,110,15,1,0.08766633562601318,23733
2434,99,10,1,0.08757866929038717,23733
2435,58,28,1,0.08749109062109678,23740
2436,94,27,1,0.08740359953047568,23743
2437,111,11,1,0.0873161959309452,23746
2438,91,24,1,0.08722887973501425,23750
2439,103,26,1,0.08714165085527924,23755
2440,90,34,1,0.08705450920442395,23760
2441,89,14,1,0.08696745469521953,23762
2442,115,26,1,0.08688048724052432,23765
2443,81,21,1,0.08679360675328379,23769
2444,102,2,1,0.0867068131465305,23769
2445,111,11,1,0.08662010633338398,23769
2446,-11,58,1,0.0865334862270506,23781
2447,87,29,1,0.08644695274082355,23782
2448,103,12,1,0.08636050578808273,23782
2449,113,8,1,0.08627414528229464,23782
2450,116,9,1,0.08618787113701235,23782
2451,53,36,1,0.08610168326587533,23794
2452,111,7,1,0.08601558158260945,23794
2453,108,5,1,0.08592956600102684,23794
2454,91,29,1,0.08584363643502582,23795
2455,114,27,1,0.08575779279859079,23798
2456,102,11,1,0.0856720350057922,23799
2457,83,16,1,0.0855863629707864,23803
2458,87,21,1,0.0855007766078156,23806
2459,117,14,1,0.08541527583120778,23807
2460,110,6,1,0.08532986055537657,23807
2461,38,48,1,0.0852445306948212,23815
2462,108,26,1,0.08515928616412638,23818
2463,48,37,1,0.08507412687796226,23825
2464,118,10,1,0.0849890527510843,23825
2465,102,2,1,0.08490406369833321,23825
2466,93,26,1,0.08481915963463488,23830
2467,92,21,1,0.08473434047500024,23833
2468,63,35,1,0.08464960613452524,23841
2469,107,14,1,0.08456495652839072,23841
2470,96,24,1,0.08448039157186232,23844
2471,107,5,1,0.08439591118029047,23844
2472,55,20,1,0.08431151526911018,23850
2473,101,11,1,0.08422720375384107,23851
2474,76,28,1,0.08414297655008723,23856
2475,85,10,1,0.08405883357353715,23860
2476,54,31,1,0.0839747747399636,23867
2477,100,1,1,0.08389079996522364,23867
2478,99,15,1,0.08380690916525842,23867
2479,100,1,1,0.08372310225609315,23867
2480,103,3,1,0.08363937915383707,23867
2481,89,19,1,0.08355573977468322,23873
2482,110,6,1,0.08347218403490854,23873
2483,63,30,1,0.08338871185087363,23881
2484,89,12,1,0.08330532313902275,23887
2485,100,7,1,0.08322201781588373,23889
2486,110,16,1,0.08313879579806785,23891
2487,106,4,1,0.08305565700226979,23891
2488,-13,49,1,0.08297260134526752,23905
2489,66,24,1,0.08288962874392225,23910
2490,108,5,1,0.08280673911517833,23910
2491,90,10,1,0.08272393237606315,23911
2492,105,10,1,0.0826412084436871,23913
2493,102,2,1,0.08255856723524341,23913
2494,83,5,1,0.08247600866800817,23914
2495,113,9,1,0.08239353265934016,23914
2496,106,4,1,0.08231113912668082,23914
2497,99,8,1,0.08222882798755414,23915
2498,92,10,1,0.08214659915956658,23915
2499,116,11,1,0.08206445256040702,23916
2500,69,21,1,0.08198238810784661,23921
2501,97,12,1,0.08190040571973876,23921
2502,99,25,1,0.08181850531401902,23925
2503,117,10,1,0.081736686808705,23926
2504,91,5,1,0.08165495012189629,23926
2505,128,21,1,0.08157329517177439,23926
2506,114,23,1,0.08149172187660261,23933
2507,56,22,1,0.08141023015472601,23939
2508,76,30,1,0.08132881992457128,23946
2509,79,17,1,0.0812474911046467,23949
2510,92,6,1,0.08116624361354205,23950
2511,106,4,1,0.08108507736992851,23950
2512,119,13,1,0.08100399229255859,23951
2513,133,24,1,0.08092298830026602,23954
2514,45,38,1,0.08084206531196575,23966
2515,102,5,1,0.08076122324665379,23966
2516,104,6,1,0.08068046202340713,23966
2517,106,4,1,0.08059978156138373,23966
2518,78,10,1,0.08051918177982234,23970
2519,119,16,1,0.08043866259804251,23971
2520,105,5,1,0.08035822393544446,23971
2521,118,13,1,0.08027786571150902,23971
2522,113,21,1,0.08019758784579752,23973
2523,98,17,1,0.08011739025795171,23975
2524,102,2,1,0.08003727286769376,23975
2525,113,19,1,0.07995723559482606,23976
2526,99,19,1,0.07987727835923124,23978
2527,115,9,1,0.07979740108087201,23978
2528,113,14,1,0.07971760367979114,23980
2529,67,27,1,0.07963788607611134,23987
2530,111,13,1,0.07955824819003524,23987
2531,102,5,1,0.0794786899418452,23989
2532,83,30,1,0.07939921125190336,23997
2533,116,15,1,0.07931981204065146,23997
2534,104,3,1,0.0792404922286108,23997
2535,115,16,1,0.0791612517363822,23997
2536,123,26,1,0.07908209048464582,23998
2537,100,10,1,0.07900300839416118,23998
2538,89,13,1,0.07892400538576702,24002
2539,86,27,1,0.07884508138038125,24005
2540,104,3,1,0.07876623629900087,24005
2541,106,4,1,0.07868747006270187,24005
2542,120,13,1,0.07860878259263916,24005
2543,87,13,1,0.07853017381004652,24008
2544,86,34,1,0.07845164363623648,24015
2545,106,31,1,0.07837319199260025,24022
2546,114,18,1,0.07829481880060765,24026
2547,107,5,1,0.07821652398180705,24026
2548,78,21,1,0.07813830745782524,24029
2549,110,10,1,0.07806016915036741,24029
2550,103,3,1,0.07798210898121705,24029
2551,86,18,1,0.07790412687223583,24031
2552,118,19,1,0.07782622274536359,24032
2553,94,16,1,0.07774839652261822,24034
2554,73,14,1,0.0776706481260956,24038
2555,77,18,1,0.0775929774779695,24039
2556,115,13,1,0.07751538450049153,24040
2557,99,18,1,0.07743786911599104,24041
2558,113,21,1,0.07736043124687506,24044
2559,98,16,1,0.07728307081562819,24046
2560,96,8,1,0.07720578774481256,24046
2561,82,25,1,0.07712858195706775,24049
2562,72,32,1,0.07705145337511068,24059
2563,97,4,1,0.07697440192173557,24059
2564,84,32,1,0.07689742751981384,24069
2565,116,9,1,0.07682053009229402,24069
2566,94,4,1,0.07674370956220172,24069
2567,102,2,1,0.07666696585263952,24069
2568,106,10,1,0.07659029888678688,24072
2569,105,13,1,0.07651370858790009,24074
2570,110,6,1,0.07643719487931219,24074
2571,97,6,1,0.07636075768443289,24075
2572,64,35,1,0.07628439692674846,24089
2573,118,10,1,0.07620811252982171,24089
2574,121,17,1,0.07613190441729188,24091
2575,99,19,1,0.07605577251287458,24094
2576,112,19,1,0.0759797167403617,24097
2577,76,26,1,0.07590373702362134,24100
2578,122,13,1,0.07582783328659772,24100
2579,109,22,1,0.07575200545331112,24105
2580,107,9,1,0.0756762534478578,24107
2581,57,37,1,0.07560057719440995,24113
2582,105,8,1,0.07552497661721554,24114
2583,111,15,1,0.07544945164059833,24116
2584,62,34,1,0.07537400218895772,24127
2585,101,2,1,0.07529862818676876,24127
2586,106,4,1,0.07522332955858199,24127
2587,108,8,1,0.0751481062290234,24127
2588,49,33,1,0.07507295812279438,24137
2589,117,20,1,0.07499788516467158,24137
2590,118,10,1,0.07492288727950691,24138
2591,96,31,1,0.0748479643922274,24140
2592,39,30,1,0.07477311642783518,24149
2593,110,24,1,0.07469834331140734,24149
2594,103,7,1,0.07462364496809594,24150
2595,114,10,1,0.07454902132312784,24152
2596,113,8,1,0.0744744723018047,24152
2597,133,22,1,0.0743999978295029,24152
2598,64,32,1,0.0743255978316734,24161
2599,104,3,1,0.07425127223384173,24161
2600,20,21,1,0.07417702096160789,24165
2601,123,17,1,0.07410284394064628,24165
2602,107,13,1,0.07402874109670564,24166
2603,112,8,1,0.07395471235560894,24166
2604,78,15,1,0.07388075764325333,24169
2605,109,6,1,0.07380687688561008,24169
2606,70,44,1,0.07373307000872446,24180
2607,-6,40,1,0.07365933693871574,24191
2608,129,18,1,0.07358567760177702,24191
2609,98,9,1,0.07351209192417524,24191
2610,108,11,1,0.07343857983225106,24191
2611,102,8,1,0.07336514125241882,24191
2612,97,12,1,0.0732917761111664,24193
2613,100,14,1,0.07321848433505523,24195
2614,94,8,1,0.07314526585072018,24196
2615,103,15,1,0.07307212058486945,24196
2616,108,8,1,0.07299904846428458,24196
2617,116,9,1,0.0729260494158203,24196
2618,132,18,1,0.07285312336640448,24196
2619,62,19,1,0.07278027024303808,24203
2620,96,21,1,0.07270748997279504,24208
2621,102,18,1,0.07263478248282225,24213
2622,108,5,1,0.07256214770033943,24213
2623,90,15,1,0.0724895855526391,24214
2624,52,49,1,0.07241709596708645,24226
2625,84,17,1,0.07234467887111937,24229
2626,84,11,1,0.07227233419224825,24232
2627,114,22,1,0.07220006185805601,24238
2628,90,30,1,0.07212786179619796,24241
2629,104,3,1,0.07205573393440176,24241
2630,106,4,1,0.07198367820046736,24241
2631,115,12,1,0.0719116945222669,24241
2632,5,67,1,0.07183978282774463,24266
2633,20,35,1,0.07176794304491688,24274
2634,87,8,1,0.07169617510187196,24275
2635,106,4,1,0.07162447892677008,24275
2636,47,45,1,0.07155285444784332,24284
2637,82,22,1,0.07148130159339547,24289
2638,103,16,1,0.07140982029180207,24292
2639,113,12,1,0.07133841047151027,24292
2640,79,11,1,0.07126707206103876,24293
2641,99,10,1,0.07119580498897772,24294
2642,99,10,1,0.07112460918398875,24295
2643,105,23,1,0.07105348457480476,24298
2644,88,16,1,0.07098243109022996,24302
2645,111,7,1,0.07091144865913973,24302
2646,112,7,1,0.07084053721048059,24302
2647,87,13,1,0.0707696966732701,24305
2648,77,14,1,0.07069892697659683,24306
2649,75,8,1,0.07062822804962023,24306
2650,59,23,1,0.0705575998215706,24315
2651,74,20,1,0.07048704222174904,24316
2652,108,34,1,0.07041655517952729,24320
2653,121,14,1,0.07034613862434776,24321
2654,118,25,1,0.07027579248572341,24324
2655,115,14,1,0.07020551669323769,24324
2656,112,17,1,0.07013531117654445,24324
2657,98,6,1,0.07006517586536791,24324
2658,102,2,1,0.06999511068950254,24324
2659,129,20,1,0.06992511557881304,24325
2660,74,25,1,0.06985519046323423,24330
2661,114,8,1,0.06978533527277099,24330
2662,105,8,1,0.06971554993749822,24331
2663,34,43,1,0.06964583438756072,24342
2664,85,23,1,0.06957618855317316,24347
2665,97,14,1,0.06950661236461998,24352
2666,96,25,1,0.06943710575225537,24355
2667,96,23,1,0.06936766864650311,24357
2668,104,3,1,0.06929830097785661,24357
2669,90,21,1,0.06922900267687875,24360
2670,100,12,1,0.06915977367420187,24362
2671,118,13,1,0.06909061390052766,24363
2672,59,33,1,0.06902152328662714,24373
2673,94,9,1,0.06895250176334052,24374
2674,126,15,1,0.06888354926157718,24374
2675,109,6,1,0.0688146657123156,24374
2676,100,1,1,0.06874585104660329,24374
2677,112,10,1,0.06867710519555668,24374
2678,112,10,1,0.06860842809036113,24374
2679,124,13,1,0.06853981966227077,24374
2680,103,3,1,0.06847127984260849,24374
2681,104,6,1,0.06840280856276588,24374
2682,112,24,1,0.06833440575420312,24376
2683,113,10,1,0.06826607134844892,24376
2684,71,24,1,0.06819780527710047,24381
2685,114,8,1,0.06812960747182337,24381
2686,108,9,1,0.06806147786435154,24381
2687,102,7,1,0.06799341638648719,24382
2688,107,27,1,0.06792542297010071,24386
2689,94,24,1,0.06785749754713061,24393
2690,90,2,1,0.06778964004958347,24393
2691,111,7,1,0.06772185040953389,24393
2692,103,9,1,0.06765412855912437,24394
2693,79,29,1,0.06758647443056524,24402
2694,92,7,1,0.06751888795613468,24403
2695,108,19,1,0.06745136906817856,24405
2696,113,11,1,0.06738391769911038,24405
2697,105,20,1,0.06731653378141127,24406
2698,118,10,1,0.06724921724762986,24406
2699,-18,74,1,0.06718196803038223,24406
2700,56,17,1,0.06711478606235186,24409
2701,116,9,1,0.06704767127628951,24409
2702,94,25,1,0.06698062360501322,24413
2703,68,24,1,0.06691364298140821,24418
2704,109,11,1,0.06684672933842681,24419
2705,115,9,1,0.06677988260908838,24419
2706,56,26,1,0.06671310272647929,24425
2707,102,17,1,0.06664638962375281,24428
2708,104,3,1,0.06657974323412906,24428
2709,109,6,1,0.06651316349089494,24428
2710,107,12,1,0.06644665032740404,24428
2711,117,17,1,0.06638020367707664,24432
2712,115,18,1,0.06631382347339956,24433
2713,-26,54,1,0.06624750964992616,24443
2714,109,21,1,0.06618126214027624,24449
2715,101,8,1,0.06611508087813596,24450
2716,75,26,1,0.06604896579725783,24457
2717,109,29,1,0.06598291683146057,24469
2718,92,27,1,0.0659169339146291,24474
2719,113,9,1,0.06585101698071448,24474
2720,110,10,1,0.06578516596373377,24474
2721,125,18,1,0.06571938079777004,24474
2722,100,19,1,0.06565366141697226,24474
2723,63,23,1,0.06558800775555529,24480
2724,86,16,1,0.06552241974779974,24484
2725,98,5,1,0.06545689732805193,24486
2726,76,27,1,0.06539144043072388,24491
2727,112,10,1,0.06532604899029316,24491
2728,99,11,1,0.06526072294130288,24493
2729,69,27,1,0.06519546221836157,24498
2730,4,51,1,0.06513026675614321,24505
2731,75,26,1,0.06506513648938707,24511
2732,86,23,1,0.06500007135289768,24513
2733,92,8,1,0.06493507128154478,24514
2734,100,27,1,0.06487013621026325,24518
2735,107,18,1,0.06480526607405299,24518
2736,110,18,1,0.06474046080797893,24523
2737,115,29,1,0.06467572034717095,24527
2738,31,38,1,0.06461104462682378,24534
2739,65,24,1,0.06454643358219696,24539
2740,106,4,1,0.06448188714861476,24539
2741,105,4,1,0.06441740526146615,24539
2742,91,17,1,0.06435298785620469,24540
2743,130,20,1,0.06428863486834849,24540
2744,121,12,1,0.06422434623348014,24540
2745,102,2,1,0.06416012188724667,24540
2746,106,13,1,0.06409596176535942,24540
2747,116,9,1,0.06403186580359406,24540
2748,82,16,1,0.06396783393779047,24544
2749,97,17,1,0.06390386610385268,24545
2750,107,6,1,0.06383996223774882,24546
2751,113,20,1,0.06377612227551108,24549
2752,104,35,1,0.06371234615323557,24563
2753,84,14,1,0.06364863380708233,24565
2754,72,37,1,0.06358498517327525,24574
2755,64,18,1,0.06352140018810197,24578
2756,108,5,1,0.06345787878791387,24578
2757,35,38,1,0.06339442090912595,24589
2758,102,27,1,0.06333102648821683,24593
2759,100,19,1,0.06326769546172861,24599
2760,100,7,1,0.06320442776626688,24599
2761,124,14,1,0.06314122333850061,24599
2762,125,14,1,0.06307808211516211,24599
2763,128,18,1,0.06301500403304695,24599
2764,110,6,1,0.0629519890290139,24599
2765,100,31,1,0.06288903703998489,24605
2766,104,4,1,0.0628261480029449,24605
2767,118,11,1,0.06276332185494196,24608
2768,96,17,1,0.06270055853308702,24609
2769,111,11,1,0.06263785797455393,24609
2770,112,13,1,0.06257522011657937,24609
2771,97,6,1,0.0625126448964628,24609
2772,94,3,1,0.062450132251566336,24609
2773,102,6,1,0.062387682119314766,24609
2774,47,18,1,0.06232529443719545,24613
2775,68,32,1,0.06226296914275825,24616
2776,84,23,1,0.06220070617361549,24620
2777,125,17,1,0.062138505467441874,24620
2778,120,15,1,0.06207636696197443,24622
2779,83,9,1,0.062014290595012456,24624
2780,100,1,1,0.06195227630441744,24624
2781,96,11,1,0.06189032402811302,24625
2782,110,6,1,0.06182843370408491,24625
2783,116,9,1,0.061766605270380824,24625
2784,86,15,1,0.061704838665110444,24629
2785,117,21,1,0.06164313382644533,24631
2786,115,9,1,0.06158149069261889,24631
2787,-15,62,1,0.06151990920192627,24650
2788,102,8,1,0.06145838929272435,24650
2789,25,36,1,0.061396930903431624,24664
2790,84,13,1,0.061335533972528195,24670
2791,110,13,1,0.061274198438555666,24671
2792,107,24,1,0.06121292424011711,24674
2793,111,18,1,0.06115171131587699,24676
2794,94,17,1,0.06109055960456111,24676
2795,113,8,1,0.06102946904495655,24676
2796,109,19,1,0.06096843957591159,24679
2797,120,14,1,0.06090747113633568,24679
2798,111,25,1,0.06084656366519934,24681
2799,112,32,1,0.06078571710153414,24682
2800,99,12,1,0.06072493138443261,24684
2801,104,3,1,0.060664206453048174,24684
2802,110,6,1,0.06060354224659512,24684
2803,111,7,1,0.06054293870434853,24684
2804,81,27,1,0.06048239576564418,24689
2805,80,17,1,0.06042191336987854,24690
2806,97,10,1,0.06036149145650866,24692
2807,110,10,1,0.06030112996505215,24692
2808,114,8,1,0.0602408288350871,24692
2809,83,34,1,0.06018058800625201,24694
2810,104,15,1,0.06012040741824576,24695
2811,106,4,1,0.06006028701082751,24695
2812,122,13,1,0.060000226723816684,24695
2813,85,18,1,0.059940226497092866,24696
2814,106,11,1,0.05988028627059577,24699
2815,84,20,1,0.05982040598432518,24702
2816,85,6,1,0.05976058557834085,24702
2817,118,13,1,0.05970082499276251,24703
2818,107,16,1,0.059641124167769746,24705
2819,62,27,1,0.059581483043601974,24713
2820,98,14,1,0.05952190156055837,24714
2821,109,6,1,0.05946237965899782,24714
2822,111,9,1,0.05940291727933882,24716
2823,126,19,1,0.05934351436205949,24718
2824,81,27,1,0.05928417084769743,24719
2825,114,8,1,0.05922488667684973,24720
2826,96,17,1,0.05916566179017289,24722
2827,121,22,1,0.059106496128382716,24723
2828,58,29,1,0.05904738963225433,24731
2829,112,18,1,0.058988342242622074,24735
2830,80,21,1,0.058929353900379455,24740
2831,106,7,1,0.058870424546479075,24740
2832,93,24,1,0.0588115541219326,24741
2833,104,3,1,0.05875274256781066,24741
2834,114,8,1,0.058693989825242855,24741
2835,59,10,1,0.058635295835417614,24744
2836,83,44,1,0.058576660539582194,24759
2837,110,6,1,0.058518083879042615,24761
2838,109,12,1,0.05845956579516357,24761
2839,-16,97,1,0.05840110622936841,24774
2840,62,40,1,0.05834270512313904,24785
2841,104,7,1,0.058284362418015906,24785
2842,124,19,1,0.05822607805559789,24785
2843,106,7,1,0.05816785197754229,24785
2844,-125,63,1,0.05810968412556475,24801
2845,109,6,1,0.058051574441439185,24802
2846,111,16,1,0.05799352286699774,24803
2847,108,12,1,0.057935529344130744,24804
2848,116,10,1,0.05787759381478661,24807
2849,98,10,1,0.057819716220971824,24807
2850,114,8,1,0.05776189650475085,24807
2851,106,6,1,0.0577041346082461,24807
2852,119,31,1,0.05764643047363786,24811
2853,114,22,1,0.05758878404316422,24815
2854,106,23,1,0.05753119525912106,24819
2855,101,15,1,0.05747366406386194,24820
2856,114,16,1,0.057416190399798075,24822
2857,130,17,1,0.05735877420939828,24822
2858,52,26,1,0.05730141543518888,24826
2859,96,13,1,0.05724411401975369,24827
2860,105,28,1,0.057186869905733934,24834
2861,107,11,1,0.0571296830358282,24835
2862,61,23,1,0.05707255335279238,24839
2863,119,17,1,0.057015480799439584,24840
2864,88,20,1,0.05695846531864014,24841
2865,111,7,1,0.0569015068533215,24841
2866,117,11,1,0.05684460534646818,24841
2867,113,8,1,0.05678776074112171,24841
2868,95,14,1,0.056730972980380594,24841
2869,108,17,1,0.05667424200740021,24841
2870,113,15,1,0.05661756776539281,24842
2871,109,10,1,0.05656095019762742,24844
2872,92,15,1,0.056504389247429794,24846
2873,55,21,1,0.05644788485818236,24852
2874,88,15,1,0.05639143697332418,24855
2875,108,8,1,0.05633504553635086,24855
2876,104,3,1,0.05627871049081451,24855
2877,84,5,1,0.0562224317803237,24856
2878,107,19,1,0.056166209348543376,24858
2879,124,14,1,0.056110043139194835,24858
2880,103,4,1,0.05605393309605564,24858
2881,106,21,1,0.055997879162959584,24859
2882,112,28,1,0.055941881283796624,24860
2883,107,15,1,0.055885939402512824,24861
2884,104,3,1,0.05583005346311031,24861
2885,100,14,1,0.0557742234096472,24864
2886,55,26,1,0.055718449186237556,24869
2887,63,15,1,0.055662730737051316,24874
2888,71,9,1,0.055607068006314264,24877
2889,123,14,1,0.05555146093830795,24877
2890,98,9,1,0.05549590947736964,24878
2891,96,29,1,0.05544041356789227,24885
2892,102,14,1,0.05538497315432438,24885
2893,77,31,1,0.05532958818117005,24892
2894,59,39,1,0.05527425859298888,24900
2895,116,19,1,0.05521898433439589,24901
2896,51,33,1,0.0551637653500615,24910
2897,117,19,1,0.05510860158471143,24912
2898,97,19,1,0.05505349298312672,24916
2899,106,13,1,0.054998439490143596,24916
2900,58,31,1,0.05494344105065345,24922
2901,114,8,1,0.05488849760960279,24922
2902,96,10,1,0.05483360911199319,24923
2903,108,26,1,0.0547787755028812,24924
2904,109,9,1,0.054723996727378314,24924
2905,57,22,1,0.054669272730650934,24928
2906,108,25,1,0.05461460345792028,24935
2907,72,33,1,0.054559988854462366,24937
2908,101,12,1,0.054505428865607906,24937
2909,120,12,1,0.0544509234367423,24937
2910,113,8,1,0.05439647251330556,24937
2911,43,49,1,0.054342076040792255,24954
2912,109,16,1,0.054287733964751464,24958
2913,80,12,1,0.054233446230786714,24961
2914,88,13,1,0.054179212784555925,24963
2915,94,14,1,0.05412503357177137,24966
2916,93,29,1,0.0540709085381996,24971
2917,102,3,1,0.0540168376296614,24972
2918,100,1,1,0.053962820792031733,24972
2919,126,16,1,0.053908857971239704,24972
2920,121,12,1,0.05385494911326846,24972
2921,80,28,1,0.0538010941641552,24976
2922,104,3,1,0.05374729306999104,24976
2923,64,32,1,0.05369354577692105,24980
2924,103,4,1,0.053639852231144126,24981
2925,90,6,1,0.053586212378912985,24982
2926,109,6,1,0.05353262616653407,24982
2927,17,55,1,0.053479093540367534,24995
2928,106,27,1,0.05342561444682717,24996
2929,103,26,1,0.05337218883238034,25001
2930,24,61,1,0.053318816643547956,25016
2931,101,22,1,0.05326549782690441,25017
2932,104,3,1,0.053212232329077506,25017
2933,128,16,1,0.05315902009674843,25017
2934,106,11,1,0.05310586107665168,25018
2935,37,26,1,0.05305275521557503,25024
2936,102,17,1,0.052999702460359455,25028
2937,89,34,1,0.052946702757899096,25034
2938,90,17,1,0.0528937560551412,25034
2939,110,18,1,0.05284086229908606,25037
2940,110,6,1,0.05278802143678697,25038
2941,103,11,1,0.052735233415350184,25041
2942,119,12,1,0.052682498181934836,25042
2943,88,26,1,0.052629815683752905,25049
2944,106,4,1,0.05257718586806915,25049
2945,104,13,1,0.05252460868220108,25050
2946,111,14,1,0.05247208407351888,25051
2947,116,9,1,0.052419611989445364,25051
2948,38,48,1,0.05236719237745592,25072
2949,103,9,1,0.05231482518507846,25073
2950,129,16,1,0.052262510359893384,25073
2951,118,13,1,0.05221024784953349,25073
2952,110,6,1,0.05215803760168396,25073
2953,76,29,1,0.052105879564082275,25081
2954,114,14,1,0.05205377368451819,25081
2955,127,18,1,0.052001719910833674,25081
2956,92,14,1,0.05194971819092284,25081
2957,117,12,1,0.05189776847273191,25083
2958,36,27,1,0.05184587070425918,25093
2959,19,24,1,0.05179402483355492,25097
2960,56,15,1,0.05174223080872137,25102
2961,73,28,1,0.05169048857791265,25112
2962,111,25,1,0.051638798089334734,25116
2963,110,13,1,0.051587159291245396,25117
2964,100,1,1,0.05153557213195415,25117
2965,2,53,1,0.0514840365598222,25136
2966,98,6,1,0.05143255252326238,25138
2967,101,18,1,0.05138111997073912,25141
2968,105,26,1,0.05132973885076838,25142
2969,99,11,1,0.05127840911191761,25144
2970,98,14,1,0.05122713070280569,25146
2971,116,14,1,0.05117590357210289,25146
2972,112,16,1,0.05112472766853079,25147
2973,130,17,1,0.05107360294086226,25147
2974,120,11,1,0.051022529337921396,25147
2975,119,11,1,0.05097150680858348,25147
2976,123,14,1,0.05092053530177489,25147
2977,123,23,1,0.050869614766473115,25150
2978,113,22,1,0.05081874515170664,25153
2979,110,6,1,0.050767926406554933,25153
2980,106,4,1,0.05071715848014838,25153
2981,85,26,1,0.050666441321668226,25156
2982,121,12,1,0.050615774880346555,25156
2983,110,6,1,0.05056515910546621,25156
2984,104,4,1,0.05051459394636074,25157
2985,102,2,1,0.050464079352414384,25157
2986,106,7,1,0.05041361527306197,25157
2987,109,6,1,0.05036320165778891,25157
2988,106,7,1,0.05031283845613112,25157
2989,105,14,1,0.05026252561767499,25160
2990,80,19,1,0.05021226309205731,25163
2991,106,10,1,0.05016205082896526,25165
2992,28,23,1,0.05011188877813629,25169
2993,92,30,1,0.05006177688935816,25175
2994,116,18,1,0.0500117151124688,25177
2995,121,16,1,0.05,25178
2996,108,5,1,0.05,25178
2997,70,23,1,0.05,25185
2998,100,1,1,0.05,25185
2999,112,15,1,0.05,25188
3000,77,21,1,0.05,25190
3001,110,6,1,0.05,25190
3002,105,19,1,0.05,25191
3003,119,11,1,0.05,25191
3004,80,25,1,0.05,25197
3005,81,9,1,0.05,25199
3006,85,15,1,0.05,25201
3007,112,24,1,0.05,25202
3008,100,1,1,0.05,25202
3009,78,27,1,0.05,25206
3010,98,15,1,0.05,25210
3011,121,12,1,0.05,25210
3012,105,9,1,0.05,25210
3013,131,17,1,0.05,25210
3014,98,16,1,0.05,25213
3015,106,13,1,0.05,25215
3016,70,24,1,0.05,25219
3017,107,11,1,0.05,25220
3018,77,6,1,0.05,25222
3019,49,38,1,0.05,25229
3020,66,25,1,0.05,25233
3021,94,12,1,0.05,25235
3022,107,7,1,0.05,25235
3023,68,27,1,0.05,25243
3024,98,17,1,0.05,25248
3025,100,19,1,0.05,25251
3026,88,10,1,0.05,25254
3027,25,48,1,0.05,25271
3028,121,15,1,0.05,25274
3029,52,50,1,0.05,25283
3030,103,3,1,0.05,25283
3031,108,16,1,0.05,25287
3032,132,18,1,0.05,25287
3033,47,44,1,0.05,25296
3034,87,23,1,0.05,25300
3035,112,10,1,0.05,25301
3036,38,41,1,0.05,25307
3037,110,6,1,0.05,25307
3038,88,34,1,0.05,25313
3039,100,1,1,0.05,25313
3040,113,21,1,0.05,25315
3041,128,15,1,0.05,25315
3042,112,11,1,0.05,25316
3043,123,20,1,0.05,25317
3044,113,8,1,0.05,25317
3045,102,20,1,0.05,25318
3046,113,12,1,0.05,25319
3047,100,29,1,0.05,25326
3048,109,6,1,0.05,25326
3049,113,13,1,0.05,25329
3050,82,14,1,0.05,25331
3051,107,5,1,0.05,25331
3052,118,10,1,0.05,25331
3053,106,4,1,0.05,25331
3054,74,37,1,0.05,25341
3055,100,4,1,0.05,25343
3056,104,3,1,0.05,25344
3057,106,4,1,0.05,25344
3058,119,13,1,0.05,25344
3059,109,6,1,0.05,25344
3060,102,2,1,0.05,25344
3061,-19,43,1,0.05,25360
3062,16,60,1,0.05,25383
3063,128,27,1,0.05,25385
3064,87,14,1,0.05,25387
3065,108,16,1,0.05,25389
3066,67,10,1,0.05,25393
3067,121,26,1,0.05,25394
3068,126,14,1,0.05,25395
3069,82,17,1,0.05,25397
3070,57,18,1,0.05,25400
3071,104,3,1,0.05,25400
3072,102,5,1,0.05,25400
3073,117,11,1,0.05,25401
3074,106,5,1,0.05,25401
3075,115,9,1,0.05,25401
3076,65,17,1,0.05,25407
3077,110,14,1,0.05,25408
3078,117,11,1,0.05,25409
3079,116,9,1,0.05,25409
3080,113,23,1,0.05,25410
3081,122,12,1,0.05,25411
3082,90,16,1,0.05,25412
3083,113,8,1,0.05,25412
3084,57,36,1,0.05,25424
3085,110,6,1,0.05,25424
3086,114,9,1,0.05,25424
3087,106,21,1,0.05,25426
3088,81,41,1,0.05,25435
3089,117,11,1,0.05,25435
3090,109,25,1,0.05,25440
3091,68,15,1,0.05,25447
3092,126,18,1,0.05,25447
3093,101,2,1,0.05,25447
3094,106,16,1,0.05,25448
3095,89,28,1,0.05,25453
3096,100,3,1,0.05,25453
3097,101,13,1,0.05,25456
3098,101,10,1,0.05,25458
3099,114,9,1,0.05,25458
3100,68,20,1,0.05,25460
3101,120,14,1,0.05,25460
3102,94,17,1,0.05,25463
3103,127,16,1,0.05,25463
3104,88,9,1,0.05,25464
3105,120,12,1,0.05,25464
3106,113,9,1,0.05,25464
3107,65,21,1,0.05,25467
3108,114,10,1,0.05,25467
3109,108,5,1,0.05,25467
3110,93,8,1,0.05,25469
3111,108,5,1,0.05,25469
3112,131,17,1,0.05,25469
3113,97,12,1,0.05,25470
3114,106,4,1,0.05,25470
3115,121,15,1,0.05,25470
3116,114,8,1,0.05,25470
3117,26,41,1,0.05,25471
3118,98,25,1,0.05,25473
3119,84,11,1,0.05,25477
3120,71,14,1,0.05,25480
3121,102,3,1,0.05,25480
3122,128,20,1,0.05,25480
3123,126,20,1,0.05,25480
3124,108,29,1,0.05,25483
3125,116,9,1,0.05,25483
3126,107,23,1,0.05,25486
3127,104,4,1,0.05,25486
3128,110,16,1,0.05,25486
3129,115,13,1,0.05,25486
3130,102,2,1,0.05,25486
3131,92,10,1,0.05,25486
3132,111,19,1,0.05,25488
3133,68,35,1,0.05,25496
3134,126,18,1,0.05,25496
3135,110,6,1,0.05,25496
3136,113,20,1,0.05,25497
3137,92,18,1,0.05,25500
3138,107,14,1,0.05,25502
3139,102,2,1,0.05,25502
3140,118,13,1,0.05,25504
3141,96,33,1,0.05,25510
3142,105,11,1,0.05,25512
3143,109,13,1,0.05,25512
3144,77,11,1,0.05,25512
3145,94,22,1,0.05,25517
3146,59,37,1,0.05,25528
3147,87,5,1,0.05,25528
3148,108,17,1,0.05,25529
3149,108,5,1,0.05,25529
3150,118,14,1,0.05,25529
3151,122,17,1,0.05,25532
3152,106,10,1,0.05,25534
3153,32,38,1,0.05,25541
3154,110,6,1,0.05,25541
3155,112,13,1,0.05,25542
3156,116,20,1,0.05,25543
3157,109,13,1,0.05,25543
3158,112,11,1,0.05,25544
3159,75,39,1,0.05,25550
3160,87,22,1,0.05,25554
3161,53,32,1,0.05,25560
3162,111,13,1,0.05,25563
3163,105,10,1,0.05,25563
3164,106,16,1,0.05,25563
3165,99,16,1,0.05,25566
3166,115,9,1,0.05,25567
3167,100,1,1,0.05,25567
3168,124,13,1,0.05,25567
3169,84,30,1,0.05,25570
3170,66,29,1,0.05,25578
3171,122,23,1,0.05,25580
3172,95,20,1,0.05,25583
3173,114,10,1,0.05,25584
3174,100,1,1,0.05,25584
3175,94,33,1,0.05,25588
3176,99,11,1,0.05,25589
3177,90,18,1,0.05,25591
3178,127,28,1,0.05,25592
3179,119,14,1,0.05,25592
3180,114,8,1,0.05,25592
3181,91,34,1,0.05,25595
3182,102,2,1,0.05,25595
3183,104,6,1,0.05,25596
3184,94,4,1,0.05,25596
3185,118,19,1,0.05,25597
3186,108,13,1,0.05,25599
3187,106,8,1,0.05,25599
3188,6,43,1,0.05,25613
3189,126,14,1,0.05,25613
3190,126,15,1,0.05,25613
3191,106,5,1,0.05,25613
3192,113,11,1,0.05,25613
3193,102,2,1,0.05,25613
3194,115,11,1,0.05,25613
3195,101,27,1,0.05,25616
3196,107,5,1,0.05,25617
3197,120,11,1,0.05,25617
3198,109,7,1,0.05,25617
3199,106,10,1,0.05,25617
3200,106,4,1,0.05,25617
3201,82,18,1,0.05,25620
3202,99,11,1,0.05,25623
3203,102,2,1,0.05,25623
3204,98,11,1,0.05,25624
3205,102,2,1,0.05,25624
3206,103,4,1,0.05,25624
3207,101,2,1,0.05,25624
3208,103,8,1,0.05,25626
3209,105,4,1,0.05,25626
3210,-46,52,1,0.05,25642
3211,129,16,1,0.05,25642
3212,63,36,1,0.05,25649
3213,113,8,1,0.05,25649
3214,110,30,1,0.05,25652
3215,115,10,1,0.05,25652
3216,101,9,1,0.05,25652
3217,96,14,1,0.05,25656
3218,100,19,1,0.05,25659
3219,116,12,1,0.05,25659
3220,102,5,1,0.05,25659
3221,118,11,1,0.05,25659
3222,116,21,1,0.05,25664
3223,126,14,1,0.05,25664
3224,123,13,1,0.05,25664
3225,89,15,1,0.05,25665
3226,54,22,1,0.05,25669
3227,106,4,1,0.05,25669
3228,104,6,1,0.05,25669
3229,79,10,1,0.05,25670
3230,111,21,1,0.05,25675
3231,120,11,1,0.05,25675
3232,97,13,1,0.05,25675
3233,115,23,1,0.05,25677
3234,101,11,1,0.05,25678
3235,120,14,1,0.05,25679
3236,104,3,1,0.05,25679
3237,116,9,1,0.05,25679
3238,103,22,1,0.05,25682
3239,108,5,1,0.05,25682
3240,76,25,1,0.05,25688
3241,34,48,1,0.05,25699
3242,126,15,1,0.05,25699
3243,90,5,1,0.05,25699
3244,113,21,1,0.05,25700
3245,116,17,1,0.05,25701
3246,102,9,1,0.05,25701
3247,103,9,1,0.05,25701
3248,84,26,1,0.05,25706
3249,103,3,1,0.05,25706
3250,105,17,1,0.05,25707
3251,104,3,1,0.05,25707
3252,80,7,1,0.05,25709
3253,91,21,1,0.05,25714
3254,112,7,1,0.05,25714
3255,83,26,1,0.05,25721
3256,106,12,1,0.05,25722
3257,83,25,1,0.05,25725
3258,85,20,1,0.05,25731
3259,116,9,1,0.05,25731
3260,96,8,1,0.05,25731
3261,112,7,1,0.05,25731
3262,72,7,1,0.05,25733
3263,65,37,1,0.05,25743
3264,130,18,1,0.05,25743
3265,124,13,1,0.05,25743
3266,51,24,1,0.05,25748
3267,110,9,1,0.05,25748
3268,97,6,1,0.05,25750
3269,118,13,1,0.05,25751
3270,110,6,1,0.05,25751
3271,128,20,1,0.05,25754
3272,72,25,1,0.05,25761
3273,15,34,1,0.05,25767
3274,98,23,1,0.05,25772
3275,114,19,1,0.05,25773
3276,131,21,1,0.05,25774
3277,118,19,1,0.05,25774
3278,101,2,1,0.05,25774
3279,107,6,1,0.05,25775
3280,122,12,1,0.05,25775
3281,117,15,1,0.05,25775
3282,112,9,1,0.05,25775
3283,95,23,1,0.05,25778
3284,100,1,1,0.05,25778
3285,102,2,1,0.05,25778
3286,82,32,1,0.05,25786
3287,99,13,1,0.05,25790
3288,103,3,1,0.05,25791
3289,134,18,1,0.05,25791
3290,113,12,1,0.05,25791
3291,113,11,1,0.05,25791
3292,112,8,1,0.05,25791
3293,97,17,1,0.05,25793
3294,112,13,1,0.05,25793
3295,58,22,1,0.05,25800
3296,116,10,1,0.05,25800
3297,97,17,1,0.05,25803
3298,115,12,1,0.05,25803
3299,108,5,1,0.05,25803
3300,112,10,1,0.05,25803
3301,90,2,1,0.05,25803
3302,119,12,1,0.05,25803
3303,105,16,1,0.05,25803
3304,110,15,1,0.05,25803
3305,104,3,1,0.05,25803
3306,106,23,1,0.05,25805
3307,104,3,1,0.05,25805
3308,116,21,1,0.05,25807
3309,109,13,1,0.05,25807
3310,121,26,1,0.05,25810
3311,92,10,1,0.05,25811
3312,58,36,1,0.05,25824
3313,111,16,1,0.05,25824
3314,137,21,1,0.05,25828
3315,123,19,1,0.05,25828
3316,60,28,1,0.05,25834
3317,106,26,1,0.05,25836
3318,78,10,1,0.05,25840
3319,92,14,1,0.05,25841
3320,52,29,1,0.05,25846
3321,104,12,1,0.05,25846
3322,80,21,1,0.05,25850
3323,104,3,1,0.05,25850
3324,106,4,1,0.05,25850
3325,104,3,1,0.05,25850
3326,112,12,1,0.05,25851
3327,116,13,1,0.05,25852
3328,79,20,1,0.05,25858
3329,87,23,1,0.05,25862
3330,114,11,1,0.05,25862
3331,107,6,1,0.05,25863
3332,96,20,1,0.05,25864
3333,108,5,1,0.05,25864
3334,100,7,1,0.05,25865
3335,93,22,1,0.05,25868
3336,123,16,1,0.05,25870
3337,118,11,1,0.05,25870
3338,108,5,1,0.05,25870
3339,116,10,1,0.05,25870
3340,104,14,1,0.05,25872
3341,121,12,1,0.05,25873
3342,100,1,1,0.05,25873
3343,108,5,1,0.05,25873
3344,106,4,1,0.05,25873
3345,106,4,1,0.05,25873
3346,104,14,1,0.05,25877
3347,100,9,1,0.05,25880
3348,91,30,1,0.05,25887
3349,85,17,1,0.05,25889
3350,108,8,1,0.05,25889
3351,114,11,1,0.05,25889
3352,120,21,1,0.05,25889
3353,115,29,1,0.05,25893
3354,114,14,1,0.05,25894
3355,118,15,1,0.05,25894
3356,62,11,1,0.05,25896
3357,112,8,1,0.05,25896
3358,115,17,1,0.05,25896
3359,125,20,1,0.05,25896
3360,119,21,1,0.05,25897
3361,73,25,1,0.05,25901
3362,119,15,1,0.05,25901
3363,116,12,1,0.05,25901
3364,115,10,1,0.05,25901
3365,65,22,1,0.05,25905
3366,93,17,1,0.05,25907
3367,74,32,1,0.05,25914
3368,105,13,1,0.05,25916
3369,36,49,1,0.05,25932
3370,104,3,1,0.05,25932
3371,112,8,1,0.05,25932
3372,104,14,1,0.05,25932
3373,120,11,1,0.05,25932
3374,108,19,1,0.05,25933
3375,72,39,1,0.05,25940
3376,113,8,1,0.05,25940
3377,114,11,1,0.05,25942
3378,102,16,1,0.05,25943
3379,104,3,1,0.05,25943
3380,110,28,1,0.05,25944
3381,110,22,1,0.05,25945
3382,109,7,1,0.05,25945
3383,100,1,1,0.05,25945
3384,110,6,1,0.05,25945
3385,76,21,1,0.05,25947
3386,121,32,1,0.05,25950
3387,65,39,1,0.05,25960
3388,113,12,1,0.05,25960
3389,50,44,1,0.05,25968
3390,106,4,1,0.05,25968
3391,106,22,1,0.05,25972
3392,120,18,1,0.05,25974
3393,110,15,1,0.05,25977
3394,104,6,1,0.05,25977
3395,130,16,1,0.05,25977
3396,106,4,1,0.05,25977
3397,81,15,1,0.05,25979
3398,120,14,1,0.05,25979
3399,90,11,1,0.05,25983
3400,121,12,1,0.05,25983
3401,117,11,1,0.05,25983
3402,112,22,1,0.05,25984
3403,60,35,1,0.05,25988
3404,113,8,1,0.05,25988
3405,102,2,1,0.05,25988
3406,112,8,1,0.05,25988
3407,88,7,1,0.05,25991
3408,61,22,1,0.05,25996
3409,103,8,1,0.05,25996
3410,106,16,1,0.05,25996
3411,87,11,1,0.05,25999
3412,65,18,1,0.05,26005
3413,92,13,1,0.05,26009
3414,93,21,1,0.05,26011
3415,14,49,1,0.05,26014
3416,129,16,1,0.05,26015
3417,101,2,1,0.05,26015
3418,93,13,1,0.05,26019
3419,77,10,1,0.05,26020
3420,106,4,1,0.05,26020
3421,101,2,1,0.05,26020
3422,108,21,1,0.05,26021
3423,104,4,1,0.05,26021
3424,105,15,1,0.05,26024
3425,91,13,1,0.05,26024
3426,105,36,1,0.05,26029
3427,92,18,1,0.05,26033
3428,112,11,1,0.05,26034
3429,121,19,1,0.05,26037
3430,98,6,1,0.05,26038
3431,104,13,1,0.05,26040
3432,104,3,1,0.05,26040
3433,110,6,1,0.05,26040
3434,107,18,1,0.05,26041
3435,110,13,1,0.05,26041
3436,96,5,1,0.05,26043
3437,106,7,1,0.05,26043
3438,98,4,1,0.05,26043
3439,100,1,1,0.05,26043
3440,123,14,1,0.05,26043
3441,111,8,1,0.05,26043
3442,115,12,1,0.05,26043
3443,119,20,1,0.05,26044
3444,103,6,1,0.05,26044
3445,78,19,1,0.05,26048
3446,106,4,1,0.05,26048
3447,114,9,1,0.05,26048
3448,118,26,1,0.05,26049
3449,35,35,1,0.05,26056
3450,115,9,1,0.05,26056
3451,113,8,1,0.05,26056
3452,107,5,1,0.05,26056
3453,122,15,1,0.05,26057
3454,106,9,1,0.05,26060
3455,101,23,1,0.05,26064
3456,87,23,1,0.05,26067
3457,107,11,1,0.05,26067
3458,117,10,1,0.05,26067
3459,138,27,1,0.05,26067
3460,102,2,1,0.05,26068
3461,107,9,1,0.05,26069
3462,68,52,1,0.05,26082
3463,83,27,1,0.05,26083
3464,106,5,1,0.05,26083
3465,127,16,1,0.05,26083
3466,121,13,1,0.05,26084
3467,99,10,1,0.05,26085
3468,122,15,1,0.05,26085
3469,114,8,1,0.05,26085
3470,104,3,1,0.05,26085
3471,111,7,1,0.05,26085
3472,93,16,1,0.05,26088
3473,114,17,1,0.05,26090
3474,90,17,1,0.05,26092
3475,118,10,1,0.05,26092
3476,100,7,1,0.05,26092
3477,62,29,1,0.05,26098
3478,111,9,1,0.05,26098
3479,114,8,1,0.05,26098
3480,112,22,1,0.05,26102
3481,106,25,1,0.05,26102
3482,96,21,1,0.05,26104
3483,114,8,1,0.05,26104
3484,121,14,1,0.05,26105
3485,91,23,1,0.05,26107
3486,114,10,1,0.05,26107
3487,125,14,1,0.05,26109
3488,111,16,1,0.05,26109
3489,31,51,1,0.05,26119
3490,125,17,1,0.05,26121
3491,102,2,1,0.05,26121
3492,71,24,1,0.05,26124
3493,101,9,1,0.05,26125
3494,115,14,1,0.05,26125
3495,133,20,1,0.05,26126
3496,108,19,1,0.05,26131
3497,102,23,1,0.05,26131
3498,109,13,1,0.05,26133
3499,47,21,1,0.05,26139
3500,108,8,1,0.05,26139
3501,83,13,1,0.05,26141
3502,100,22,1,0.05,26142
3503,102,14,1,0.05,26145
3504,122,15,1,0.05,26145
3505,107,6,1,0.05,26145
3506,115,19,1,0.05,26148
3507,97,17,1,0.05,26149
3508,94,16,1,0.05,26152
3509,112,10,1,0.05,26152
3510,120,11,1,0.05,26153
3511,117,28,1,0.05,26153
3512,50,33,1,0.05,26161
3513,56,24,1,0.05,26164
3514,91,12,1,0.05,26167
3515,134,19,1,0.05,26167
3516,110,6,1,0.05,26168
3517,107,6,1,0.05,26168
3518,100,1,1,0.05,26168
3519,73,16,1,0.05,26171
3520,115,10,1,0.05,26171
3521,117,10,1,0.05,26171
3522,105,14,1,0.05,26173
3523,100,4,1,0.05,26173
3524,40,26,1,0.05,26178
3525,112,11,1,0.05,26178
3526,79,17,1,0.05,26179
3527,111,14,1,0.05,26180
3528,96,7,1,0.05,26181
3529,90,14,1,0.05,26184
3530,102,2,1,0.05,26184
3531,82,13,1,0.05,26187
3532,118,10,1,0.05,26187
3533,84,22,1,0.05,26191
3534,101,14,1,0.05,26191
3535,62,36,1,0.05,26198
3536,112,7,1,0.05,26198
3537,106,10,1,0.05,26198
3538,81,22,1,0.05,26200
3539,124,14,1,0.05,26200
3540,107,5,1,0.05,26201
3541,103,18,1,0.05,26201
3542,100,23,1,0.05,26208
3543,126,14,1,0.05,26208
3544,116,11,1,0.05,26209
3545,111,14,1,0.05,26209
3546,101,12,1,0.05,26211
3547,101,31,1,0.05,26214
3548,109,7,1,0.05,26214
3549,100,1,1,0.05,26214
3550,109,13,1,0.05,26215
3551,104,3,1,0.05,26215
3552,107,16,1,0.05,26218
3553,50,25,1,0.05,26222
3554,93,16,1,0.05,26223
3555,112,16,1,0.05,26223
3556,111,9,1,0.05,26224
3557,104,3,1,0.05,26225
3558,111,7,1,0.05,26225
3559,102,2,1,0.05,26226
3560,100,19,1,0.05,26230
3561,105,34,1,0.05,26231
3562,95,17,1,0.05,26232
3563,72,26,1,0.05,26237
3564,122,12,1,0.05,26237
3565,112,8,1,0.05,26238
3566,41,41,1,0.05,26252
3567,75,23,1,0.05,26254
3568,110,6,1,0.05,26254
3569,102,2,1,0.05,26254
3570,47,22,1,0.05,26260
3571,112,7,1,0.05,26260
3572,101,2,1,0.05,26260
3573,108,6,1,0.05,26261
3574,95,13,1,0.05,26264
3575,117,23,1,0.05,26268
3576,105,17,1,0.05,26269
3577,112,14,1,0.05,26269
3578,105,7,1,0.05,26269
3579,61,30,1,0.05,26274
3580,107,24,1,0.05,26279
3581,113,15,1,0.05,26280
3582,99,16,1,0.05,26285
3583,94,4,1,0.05,26286
3584,98,26,1,0.05,26292
3585,86,21,1,0.05,26297
3586,110,13,1,0.05,26297
3587,33,44,1,0.05,26304
3588,110,14,1,0.05,26305
3589,78,28,1,0.05,26310
3590,123,16,1,0.05,26310
3591,62,28,1,0.05,26318
3592,114,8,1,0.05,26318
3593,110,21,1,0.05,26319
3594,105,14,1,0.05,26319
3595,114,8,1,0.05,26319
3596,111,18,1,0.05,26322
3597,82,23,1,0.05,26327
3598,61,26,1,0.05,26334
3599,103,3,1,0.05,26334
3600,102,2,1,0.05,26334
3601,107,5,1,0.05,26334
3602,83,13,1,0.05,26335
3603,111,13,1,0.05,26335
3604,115,14,1,0.05,26336
3605,98,23,1,0.05,26343
3606,109,7,1,0.05,26343
3607,115,10,1,0.05,26343
3608,118,10,1,0.05,26344
3609,94,33,1,0.05,26348
3610,105,4,1,0.05,26348
3611,102,8,1,0.05,26348
3612,102,2,1,0.05,26348
3613,84,21,1,0.05,26350
3614,64,10,1,0.05,26354
3615,124,14,1,0.05,26354
3616,122,15,1,0.05,26354
3617,100,4,1,0.05,26354
3618,32,25,1,0.05,26364
3619,116,12,1,0.05,26364
3620,98,24,1,0.05,26366
3621,104,3,1,0.05,26366
3622,117,10,1,0.05,26366
3623,83,17,1,0.05,26371
3624,81,40,1,0.05,26383
3625,106,13,1,0.05,26384
3626,102,2,1,0.05,26384
3627,104,11,1,0.05,26385
3628,135,20,1,0.05,26385
3629,99,5,1,0.05,26386
3630,113,8,1,0.05,26386
3631,101,23,1,0.05,26389
3632,119,25,1,0.05,26391
3633,113,13,1,0.05,26392
3634,110,21,1,0.05,26393
3635,101,25,1,0.05,26395
3636,117,10,1,0.05,26395
3637,114,10,1,0.05,26395
3638,94,7,1,0.05,26398
3639,106,23,1,0.05,26401
3640,10,34,1,0.05,26410
3641,112,13,1,0.05,26410
3642,52,39,1,0.05,26416
3643,120,11,1,0.05,26416
3644,53,31,1,0.05,26423
3645,121,17,1,0.05,26423
3646,119,22,1,0.05,26424
3647,104,3,1,0.05,26424
3648,115,10,1,0.05,26424
3649,106,4,1,0.05,26424
3650,110,18,1,0.05,26426
3651,116,19,1,0.05,26429
3652,110,6,1,0.05,26429
3653,112,9,1,0.05,26429
3654,85,18,1,0.05,26431
3655,123,14,1,0.05,26431
3656,79,24,1,0.05,26435
3657,110,18,1,0.05,26436
3658,38,25,1,0.05,26442
3659,111,7,1,0.05,26442
3660,111,7,1,0.05,26443
3661,61,18,1,0.05,26446
3662,116,9,1,0.05,26446
3663,128,19,1,0.05,26446
3664,111,13,1,0.05,26446
3665,100,8,1,0.05,26446
3666,100,1,1,0.05,26446
3667,86,24,1,0.05,26448
3668,103,10,1,0.05,26448
3669,106,4,1,0.05,26448
3670,103,11,1,0.05,26451
3671,96,6,1,0.05,26451
3672,115,16,1,0.05,26452
3673,91,12,1,0.05,26454
3674,105,9,1,0.05,26455
3675,59,25,1,0.05,26459
3676,103,21,1,0.05,26461
3677,29,34,1,0.05,26470
3678,91,18,1,0.05,26474
3679,110,6,1,0.05,26474
3680,111,8,1,0.05,26474
3681,112,10,1,0.05,26474
3682,115,16,1,0.05,26474
3683,100,21,1,0.05,26481
3684,100,1,1,0.05,26481
3685,85,21,1,0.05,26483
3686,71,14,1,0.05,26487
3687,112,15,1,0.05,26487
3688,114,26,1,0.05,26491
3689,81,21,1,0.05,26495
3690,104,23,1,0.05,26497
3691,104,3,1,0.05,26497
3692,67,18,1,0.05,26500
3693,51,18,1,0.05,26506
3694,80,10,1,0.05,26507
3695,107,5,1,0.05,26507
3696,117,10,1,0.05,26507
3697,118,15,1,0.05,26507
3698,-28,50,1,0.05,26519
3699,90,22,1,0.05,26526
3700,104,3,1,0.05,26526
3701,93,16,1,0.05,26527
3702,102,2,1,0.05,26527
3703,110,23,1,0.05,26530
3704,78,18,1,0.05,26534
3705,77,23,1,0.05,26534
3706,125,17,1,0.05,26534
3707,109,18,1,0.05,26535
3708,81,20,1,0.05,26541
3709,116,13,1,0.05,26541
3710,120,11,1,0.05,26541
3711,30,46,1,0.05,26550
3712,104,3,1,0.05,26550
3713,42,35,1,0.05,26555
3714,108,5,1,0.05,26555
3715,66,17,1,0.05,26560
3716,113,15,1,0.05,26560
3717,102,2,1,0.05,26560
3718,100,7,1,0.05,26560
3719,104,6,1,0.05,26560
3720,116,9,1,0.05,26560
3721,95,22,1,0.05,26565
3722,114,21,1,0.05,26566
3723,113,14,1,0.05,26567
3724,85,8,1,0.05,26569
3725,96,14,1,0.05,26571
3726,98,3,1,0.05,26571
3727,117,11,1,0.05,26571
3728,106,10,1,0.05,26572
3729,-11,55,1,0.05,26585
3730,93,4,1,0.05,26585
3731,125,14,1,0.05,26585
3732,112,7,1,0.05,26585
3733,102,2,1,0.05,26585
3734,105,4,1,0.05,26586
3735,106,15,1,0.05,26586
3736,122,18,1,0.05,26587
3737,48,20,1,0.05,26591
3738,133,20,1,0.05,26591
3739,112,10,1,0.05,26593
3740,88,11,1,0.05,26595
3741,126,16,1,0.05,26596
3742,108,15,1,0.05,26597
3743,101,17,1,0.05,26598
3744,91,21,1,0.05,26602
3745,115,16,1,0.05,26602
3746,85,34,1,0.05,26606
3747,110,12,1,0.05,26606
3748,114,26,1,0.05,26610
3749,104,3,1,0.05,26610
3750,0,47,1,0.05,26616
3751,77,23,1,0.05,26617
3752,91,18,1,0.05,26622
3753,113,8,1,0.05,26622
3754,115,9,1,0.05,26622
3755,123,16,1,0.05,26622
3756,114,11,1,0.05,26622
3757,102,2,1,0.05,26622
3758,122,12,1,0.05,26622
3759,40,39,1,0.05,26627
3760,73,25,1,0.05,26634
3761,105,4,1,0.05,26634
3762,108,5,1,0.05,26634
3763,105,19,1,0.05,26634
3764,97,15,1,0.05,26638
3765,65,32,1,0.05,26648
3766,104,5,1,0.05,26648
3767,13,44,1,0.05,26656
3768,112,7,1,0.05,26656
3769,108,24,1,0.05,26660
3770,117,30,1,0.05,26665
3771,106,4,1,0.05,26665
3772,67,31,1,0.05,26670
3773,134,19,1,0.05,26670
3774,114,11,1,0.05,26672
3775,108,6,1,0.05,26672
3776,66,19,1,0.05,26677
3777,121,30,1,0.05,26681
3778,99,25,1,0.05,26685
3779,108,15,1,0.05,26686
3780,114,20,1,0.05,26687
3781,116,13,1,0.05,26687
3782,101,26,1,0.05,26691
3783,122,16,1,0.05,26691
3784,106,4,1,0.05,26691
3785,81,26,1,0.05,26691
3786,82,17,1,0.05,26695
3787,131,18,1,0.05,26695
3788,116,9,1,0.05,26695
3789,120,12,1,0.05,26697
3790,121,14,1,0.05,26698
3791,104,3,1,0.05,26698
3792,102,2,1,0.05,26698
3793,72,24,1,0.05,26707
3794,96,14,1,0.05,26707
3795,100,1,1,0.05,26707
3796,114,14,1,0.05,26709
3797,129,16,1,0.05,26709
3798,115,19,1,0.05,26710
3799,105,4,1,0.05,26710
3800,133,20,1,0.05,26711
3801,130,16,1,0.05,26711
3802,117,11,1,0.05,26711
3803,95,25,1,0.05,26715
3804,105,7,1,0.05,26716
3805,115,22,1,0.05,26717
3806,118,19,1,0.05,26718
3807,121,12,1,0.05,26718
3808,8,37,1,0.05,26726
3809,108,7,1,0.05,26726
3810,40,20,1,0.05,26729
3811,106,5,1,0.05,26730
3812,106,7,1,0.05,26730
3813,105,4,1,0.05,26730
3814,103,22,1,0.05,26731
3815,88,22,1,0.05,26735
3816,107,30,1,0.05,26741
3817,109,8,1,0.05,26741
3818,108,5,1,0.05,26741
3819,106,4,1,0.05,26741
3820,102,2,1,0.05,26741
3821,92,12,1,0.05,26743
3822,52,36,1,0.05,26752
3823,100,1,1,0.05,26752
3824,95,14,1,0.05,26753
3825,116,27,1,0.05,26756
3826,90,14,1,0.05,26761
3827,84,23,1,0.05,26763
3828,103,3,1,0.05,26763
3829,104,19,1,0.05,26765
3830,75,26,1,0.05,26771
3831,97,28,1,0.05,26775
3832,113,8,1,0.05,26775
3833,101,13,1,0.05,26776
3834,108,8,1,0.05,26776
3835,113,16,1,0.05,26778
3836,124,18,1,0.05,26778
3837,114,9,1,0.05,26778
3838,106,4,1,0.05,26778
3839,107,23,1,0.05,26781
3840,98,11,1,0.05,26782
3841,121,21,1,0.05,26784
3842,106,4,1,0.05,26786
3843,118,13,1,0.05,26787
3844,108,5,1,0.05,26787
3845,117,10,1,0.05,26787
3846,115,28,1,0.05,26789
3847,62,34,1,0.05,26794
3848,110,12,1,0.05,26794
3849,95,13,1,0.05,26794
3850,113,10,1,0.05,26794
3851,118,10,1,0.05,26794
3852,93,14,1,0.05,26797
3853,101,21,1,0.05,26798
3854,119,18,1,0.05,26800
3855,128,17,1,0.05,26801
3856,100,16,1,0.05,26804
3857,131,18,1,0.05,26804
3858,97,18,1,0.05,26807
3859,119,12,1,0.05,26807
3860,111,7,1,0.05,26807
3861,122,13,1,0.05,26807
3862,120,11,1,0.05,26807
3863,124,15,1,0.05,26808
3864,76,25,1,0.05,26821
3865,105,12,1,0.05,26823
3866,117,20,1,0.05,26824
3867,122,13,1,0.05,26824
3868,107,6,1,0.05,26824
3869,94,27,1,0.05,26829
3870,115,11,1,0.05,26830
3871,118,15,1,0.05,26831
3872,104,3,1,0.05,26832
3873,94,7,1,0.05,26834
3874,23,28,1,0.05,26835
3875,102,26,1,0.05,26836
3876,82,10,1,0.05,26838
3877,109,6,1,0.05,26838
3878,44,21,1,0.05,26844
3879,132,24,1,0.05,26849
3880,112,7,1,0.05,26849
3881,117,10,1,0.05,26849
3882,-15,74,1,0.05,26854
3883,117,10,1,0.05,26854
3884,23,32,1,0.05,26863
3885,110,6,1,0.05,26863
3886,110,11,1,0.05,26863
3887,107,6,1,0.05,26863
3888,100,11,1,0.05,26863
3889,112,14,1,0.05,26867
3890,82,22,1,0.05,26870
3891,64,24,1,0.05,26875
3892,100,1,1,0.05,26875
3893,108,13,1,0.05,26876
3894,110,24,1,0.05,26879
3895,112,12,1,0.05,26879
3896,105,5,1,0.05,26880
3897,113,9,1,0.05,26880
3898,116,10,1,0.05,26881
3899,18,41,1,0.05,26891
3900,123,25,1,0.05,26893
3901,126,19,1,0.05,26893
3902,117,13,1,0.05,26893
3903,129,16,1,0.05,26893
3904,101,2,1,0.05,26893
3905,99,25,1,0.05,26900
3906,107,13,1,0.05,26901
3907,127,15,1,0.05,26901
3908,69,20,1,0.05,26904
3909,75,23,1,0.05,26907
3910,112,7,1,0.05,26907
3911,100,1,1,0.05,26907
3912,116,19,1,0.05,26907
3913,51,27,1,0.05,26912
3914,114,33,1,0.05,26915
3915,91,14,1,0.05,26917
3916,95,17,1,0.05,26920
3917,100,1,1,0.05,26920
3918,103,18,1,0.05,26923
3919,104,3,1,0.05,26923
3920,113,8,1,0.05,26925
3921,106,4,1,0.05,26925
3922,118,15,1,0.05,26926
3923,116,13,1,0.05,26926
3924,122,16,1,0.05,26926
3925,104,3,1,0.05,26926
3926,72,45,1,0.05,26935
3927,104,33,1,0.05,26944
3928,89,7,1,0.05,26946
3929,112,14,1,0.05,26946
3930,105,4,1,0.05,26946
3931,82,19,1,0.05,26950
3932,118,10,1,0.05,26950
3933,116,9,1,0.05,26950
3934,60,17,1,0.05,26954
3935,109,6,1,0.05,26954
3936,108,6,1,0.05,26955
3937,108,7,1,0.05,26955
3938,109,6,1,0.05,26955
3939,87,12,1,0.05,26957
3940,112,25,1,0.05,26962
3941,100,1,1,0.05,26962
3942,114,15,1,0.05,26963
3943,131,20,1,0.05,26964
3944,107,22,1,0.05,26968
3945,122,20,1,0.05,26968
3946,94,17,1,0.05,26970
3947,86,19,1,0.05,26973
3948,112,8,1,0.05,26973
3949,100,1,1,0.05,26973
3950,8,62,1,0.05,26973
3951,66,20,1,0.05,26976
3952,94,16,1,0.05,26980
3953,118,20,1,0.05,26981
3954,111,21,1,0.05,26983
3955,103,23,1,0.05,26986
3956,104,3,1,0.05,26986
3957,84,18,1,0.05,26989
3958,66,26,1,0.05,26994
3959,97,16,1,0.05,26996
3960,94,16,1,0.05,26998
3961,116,11,1,0.05,26998
3962,114,9,1,0.05,26998
3963,124,16,1,0.05,26998
3964,72,21,1,0.05,27005
3965,103,16,1,0.05,27007
3966,111,7,1,0.05,27007
3967,108,8,1,0.05,27010
3968,111,7,1,0.05,27010
3969,111,9,1,0.05,27010
3970,116,13,1,0.05,27011
3971,63,21,1,0.05,27017
3972,120,14,1,0.05,27017
3973,108,5,1,0.05,27017
3974,107,5,1,0.05,27017
3975,102,2,1,0.05,27017
3976,58,25,1,0.05,27021
3977,106,5,1,0.05,27021
3978,112,15,1,0.05,27021
3979,112,9,1,0.05,27021
3980,89,11,1,0.05,27024
3981,109,6,1,0.05,27025
3982,118,18,1,0.05,27027
3983,76,27,1,0.05,27039
3984,118,22,1,0.05,27042
3985,112,7,1,0.05,27042
3986,70,24,1,0.05,27049
3987,110,10,1,0.05,27050
3988,110,9,1,0.05,27050
3989,106,6,1,0.05,27053
3990,102,2,1,0.05,27053
3991,67,12,1,0.05,27057
3992,95,23,1,0.05,27064
3993,109,12,1,0.05,27065
3994,122,12,1,0.05,27065
3995,101,2,1,0.05,27065
3996,114,8,1,0.05,27065
3997,89,17,1,0.05,27068
3998,116,14,1,0.05,27068
3999,110,12,1,0.05,27070
4000,77,44,1,0.05,27079
4001,89,21,1,0.05,27084
4002,66,28,1,0.05,27091
4003,125,17,1,0.05,27091
4004,93,5,1,0.05,27093
4005,114,9,1,0.05,27093
4006,44,31,1,0.05,27100
4007,116,11,1,0.05,27100
4008,92,17,1,0.05,27103
4009,126,19,1,0.05,27103
4010,103,20,1,0.05,27104
4011,104,9,1,0.05,27105
4012,54,17,1,0.05,27109
4013,115,13,1,0.05,27110
4014,113,22,1,0.05,27112
4015,94,23,1,0.05,27116
4016,102,2,1,0.05,27116
4017,87,15,1,0.05,27118
4018,102,2,1,0.05,27118
4019,80,28,1,0.05,27122
4020,112,7,1,0.05,27122
4021,110,6,1,0.05,27122
4022,42,43,1,0.05,27137
4023,104,27,1,0.05,27141
4024,112,7,1,0.05,27141
4025,70,27,1,0.05,27148
4026,108,5,1,0.05,27148
4027,100,1,1,0.05,27148
4028,97,33,1,0.05,27151
4029,122,13,1,0.05,27152
4030,84,14,1,0.05,27153
4031,114,8,1,0.05,27153
4032,118,10,1,0.05,27153
4033,111,15,1,0.05,27154
4034,118,10,1,0.05,27154
4035,68,34,1,0.05,27160
4036,104,3,1,0.05,27160
4037,108,10,1,0.05,27161
4038,-15,60,1,0.05,27170
4039,67,27,1,0.05,27176
4040,110,6,1,0.05,27176
4041,113,23,1,0.05,27178
4042,97,3,1,0.05,27178
4043,104,3,1,0.05,27178
4044,100,11,1,0.05,27178
4045,118,12,1,0.05,27178
4046,115,9,1,0.05,27178
4047,108,5,1,0.05,27178
4048,82,28,1,0.05,27188
4049,101,25,1,0.05,27190
4050,123,14,1,0.05,27191
4051,115,13,1,0.05,27191
4052,101,7,1,0.05,27192
4053,66,29,1,0.05,27196
4054,111,7,1,0.05,27196
4055,112,11,1,0.05,27196
4056,94,16,1,0.05,27197
4057,105,11,1,0.05,27197
4058,97,27,1,0.05,27200
4059,118,10,1,0.05,27200
4060,106,4,1,0.05,27200
4061,111,8,1,0.05,27200
4062,74,18,1,0.05,27201
4063,74,23,1,0.05,27208
4064,103,12,1,0.05,27210
4065,108,6,1,0.05,27211
4066,102,13,1,0.05,27212
4067,106,23,1,0.05,27217
4068,107,5,1,0.05,27217
4069,113,34,1,0.05,27224
4070,52,26,1,0.05,27228
4071,120,24,1,0.05,27230
4072,55,50,1,0.05,27236
4073,110,6,1,0.05,27236
4074,74,32,1,0.05,27242
4075,107,15,1,0.05,27243
4076,100,1,1,0.05,27243
4077,120,27,1,0.05,27247
4078,65,28,1,0.05,27252
4079,117,23,1,0.05,27255
4080,109,22,1,0.05,27257
4081,105,4,1,0.05,27257
4082,101,2,1,0.05,27257
4083,39,54,1,0.05,27274
4084,84,29,1,0.05,27276
4085,104,3,1,0.05,27276
4086,70,28,1,0.05,27281
4087,106,17,1,0.05,27283
4088,112,11,1,0.05,27283
4089,104,11,1,0.05,27284
4090,115,10,1,0.05,27284
4091,111,14,1,0.05,27284
4092,120,13,1,0.05,27284
4093,97,27,1,0.05,27288
4094,119,14,1,0.05,27288
4095,94,22,1,0.05,27289
4096,95,8,1,0.05,27291
4097,113,8,1,0.05,27291
4098,98,4,1,0.05,27292
4099,79,19,1,0.05,27295
4100,94,14,1,0.05,27298
4101,86,12,1,0.05,27300
4102,110,17,1,0.05,27300
4103,62,32,1,0.05,27306
4104,118,15,1,0.05,27308
4105,110,12,1,0.05,27308
4106,124,17,1,0.05,27308
4107,122,27,1,0.05,27309
4108,97,42,1,0.05,27316
4109,109,6,1,0.05,27316
4110,98,8,1,0.05,27317
4111,91,21,1,0.05,27322
4112,113,9,1,0.05,27322
4113,58,40,1,0.05,27330
4114,126,24,1,0.05,27331
4115,100,1,1,0.05,27331
4116,113,9,1,0.05,27331
4117,115,16,1,0.05,27332
4118,69,41,1,0.05,27337
4119,-16,41,1,0.05,27349
4120,76,27,1,0.05,27358
4121,113,20,1,0.05,27363
4122,111,8,1,0.05,27363
4123,96,24,1,0.05,27365
4124,124,13,1,0.05,27365
4125,115,10,1,0.05,27365
4126,116,11,1,0.05,27365
4127,53,18,1,0.05,27368
4128,108,16,1,0.05,27368
4129,102,2,1,0.05,27368
4130,110,6,1,0.05,27368
4131,115,9,1,0.05,27368
4132,102,21,1,0.05,27369
4133,111,21,1,0.05,27375
4134,109,11,1,0.05,27375
4135,114,10,1,0.05,27376
4136,114,11,1,0.05,27376
4137,109,7,1,0.05,27376
4138,106,10,1,0.05,27378
4139,109,15,1,0.05,27378
4140,108,5,1,0.05,27378
4141,104,3,1,0.05,27378
4142,85,39,1,0.05,27390
4143,91,15,1,0.05,27392
4144,64,26,1,0.05,27397
4145,102,2,1,0.05,27397
4146,115,10,1,0.05,27397
4147,109,7,1,0.05,27397
4148,86,8,1,0.05,27400
4149,108,25,1,0.05,27401
4150,114,22,1,0.05,27401
4151,119,11,1,0.05,27401
4152,110,6,1,0.05,27401
4153,121,27,1,0.05,27406
4154,95,20,1,0.05,27407
4155,117,11,1,0.05,27407
4156,118,17,1,0.05,27407
4157,115,11,1,0.05,27409
4158,103,34,1,0.05,27410
4159,107,22,1,0.05,27411
4160,109,19,1,0.05,27415
4161,109,6,1,0.05,27415
4162,69,22,1,0.05,27418
4163,106,4,1,0.05,27418
4164,120,11,1,0.05,27418
4165,95,8,1,0.05,27419
4166,91,15,1,0.05,27421
4167,106,4,1,0.05,27421
4168,122,12,1,0.05,27421
4169,96,9,1,0.05,27421
4170,120,11,1,0.05,27421
4171,108,5,1,0.05,27421
4172,108,5,1,0.05,27421
4173,104,6,1,0.05,27422
4174,105,4,1,0.05,27422
4175,121,12,1,0.05,27422
4176,76,19,1,0.05,27424
4177,103,26,1,0.05,27427
4178,114,21,1,0.05,27431
4179,116,9,1,0.05,27431
4180,111,11,1,0.05,27432
4181,110,6,1,0.05,27432
4182,98,12,1,0.05,27435
4183,100,1,1,0.05,27435
4184,110,6,1,0.05,27435
4185,110,15,1,0.05,27437
4186,101,2,1,0.05,27437
4187,81,19,1,0.05,27440
4188,106,4,1,0.05,27440
4189,113,8,1,0.05,27440
4190,84,33,1,0.05,27447
4191,134,21,1,0.05,27447
4192,120,16,1,0.05,27448
4193,107,5,1,0.05,27448
4194,102,2,1,0.05,27449
4195,106,4,1,0.05,27449
4196,89,25,1,0.05,27453
4197,112,16,1,0.05,27455
4198,98,45,1,0.05,27461
4199,108,5,1,0.05,27461
4200,108,5,1,0.05,27461
4201,118,30,1,0.05,27466
4202,104,3,1,0.05,27466
4203,88,35,1,0.05,27477
4204,106,4,1,0.05,27477
4205,101,21,1,0.05,27482
4206,117,10,1,0.05,27482
4207,114,17,1,0.05,27484
4208,120,22,1,0.05,27484
4209,106,5,1,0.05,27484
4210,111,27,1,0.05,27488
4211,118,11,1,0.05,27488
4212,106,7,1,0.05,27488
4213,107,8,1,0.05,27490
4214,102,15,1,0.05,27491
4215,83,12,1,0.05,27493
4216,107,5,1,0.05,27493
4217,116,22,1,0.05,27493
4218,108,6,1,0.05,27493
4219,97,27,1,0.05,27497
4220,123,14,1,0.05,27497
4221,56,37,1,0.05,27508
4222,110,15,1,0.05,27510
4223,118,13,1,0.05,27513
4224,107,5,1,0.05,27513
4225,114,8,1,0.05,27513
4226,89,19,1,0.05,27519
4227,101,2,1,0.05,27519
4228,104,13,1,0.05,27523
4229,103,25,1,0.05,27529
4230,58,27,1,0.05,27537
4231,107,10,1,0.05,27537
4232,98,19,1,0.05,27539
4233,92,23,1,0.05,27544
4234,30,34,1,0.05,27551
4235,105,30,1,0.05,27557
4236,108,5,1,0.05,27557
4237,104,3,1,0.05,27557
4238,115,9,1,0.05,27558
4239,113,21,1,0.05,27561
4240,99,10,1,0.05,27562
4241,108,6,1,0.05,27562
4242,86,18,1,0.05,27566
4243,74,37,1,0.05,27573
4244,74,26,1,0.05,27579
4245,110,12,1,0.05,27581
4246,102,2,1,0.05,27581
4247,64,36,1,0.05,27585
4248,103,26,1,0.05,27592
4249,113,11,1,0.05,27592
4250,107,12,1,0.05,27592
4251,104,5,1,0.05,27592
4252,110,15,1,0.05,27593
4253,106,4,1,0.05,27593
4254,110,31,1,0.05,27599
4255,142,23,1,0.05,27599
4256,103,3,1,0.05,27599
4257,109,7,1,0.05,27599
4258,102,2,1,0.05,27599
4259,62,34,1,0.05,27610
4260,84,7,1,0.05,27612
4261,103,35,1,0.05,27615
4262,115,13,1,0.05,27615
4263,118,24,1,0.05,27615
4264,109,6,1,0.05,27615
4265,102,2,1,0.05,27615
4266,116,9,1,0.05,27615
4267,87,29,1,0.05,27619
4268,129,17,1,0.05,27619
4269,114,26,1,0.05,27620
4270,111,15,1,0.05,27620
4271,109,9,1,0.05,27621
4272,80,15,1,0.05,27625
4273,83,11,1,0.05,27626
4274,105,4,1,0.05,27626
4275,90,15,1,0.05,27631
4276,102,2,1,0.05,27631
4277,102,2,1,0.05,27631
4278,77,6,1,0.05,27633
4279,112,10,1,0.05,27635
4280,114,11,1,0.05,27635
4281,28,36,1,0.05,27642
4282,101,17,1,0.05,27647
4283,118,10,1,0.05,27647
4284,128,18,1,0.05,27648
4285,119,11,1,0.05,27648
4286,103,16,1,0.05,27650
4287,99,34,1,0.05,27657
4288,61,29,1,0.05,27660
4289,108,5,1,0.05,27660
4290,114,10,1,0.05,27662
4291,108,5,1,0.05,27662
4292,107,6,1,0.05,27662
4293,108,5,1,0.05,27662
4294,114,11,1,0.05,27662
4295,107,23,1,0.05,27664
4296,112,8,1,0.05,27664
4297,110,10,1,0.05,27666
4298,84,20,1,0.05,27668
4299,114,13,1,0.05,27669
4300,96,24,1,0.05,27676
4301,52,18,1,0.05,27681
4302,92,17,1,0.05,27686
4303,88,31,1,0.05,27691
4304,108,6,1,0.05,27692
4305,117,14,1,0.05,27693
4306,90,12,1,0.05,27695
4307,116,9,1,0.05,27696
4308,103,10,1,0.05,27696
4309,106,4,1,0.05,27696
4310,106,11,1,0.05,27697
4311,92,6,1,0.05,27699
4312,122,19,1,0.05,27699
4313,64,28,1,0.05,27702
4314,104,4,1,0.05,27702
4315,105,4,1,0.05,27702
4316,107,13,1,0.05,27703
4317,126,15,1,0.05,27703
4318,101,8,1,0.05,27703
4319,103,3,1,0.05,27703
4320,110,6,1,0.05,27703
4321,104,3,1,0.05,27703
4322,118,10,1,0.05,27703
4323,84,22,1,0.05,27707
4324,121,20,1,0.05,27709
4325,103,12,1,0.05,27712
4326,118,13,1,0.05,27712
4327,102,8,1,0.05,27712
4328,122,15,1,0.05,27714
4329,58,19,1,0.05,27722
4330,116,9,1,0.05,27722
4331,34,39,1,0.05,27728
4332,30,31,1,0.05,27731
4333,106,13,1,0.05,27733
4334,105,10,1,0.05,27734
4335,113,8,1,0.05,27734
4336,101,22,1,0.05,27736
4337,120,28,1,0.05,27738
4338,69,30,1,0.05,27746
4339,80,21,1,0.05,27749
4340,99,14,1,0.05,27749
4341,104,3,1,0.05,27749
4342,110,6,1,0.05,27749
4343,124,16,1,0.05,27749
4344,84,39,1,0.05,27753
4345,106,11,1,0.05,27754
4346,92,15,1,0.05,27757
4347,72,19,1,0.05,27761
4348,116,9,1,0.05,27761
4349,81,17,1,0.05,27764
4350,108,7,1,0.05,27764
4351,81,17,1,0.05,27767
4352,97,9,1,0.05,27768
4353,102,2,1,0.05,27768
4354,105,25,1,0.05,27770
4355,123,20,1,0.05,27770
4356,106,5,1,0.05,27771
4357,118,11,1,0.05,27772
4358,96,15,1,0.05,27776
4359,66,36,1,0.05,27788
4360,114,9,1,0.05,27788
4361,104,3,1,0.05,27788
4362,33,28,1,0.05,27801
4363,100,1,1,0.05,27801
4364,108,11,1,0.05,27801
4365,100,1,1,0.05,27801
4366,77,27,1,0.05,27807
4367,114,11,1,0.05,27807
4368,114,14,1,0.05,27807
4369,87,18,1,0.05,27808
4370,96,12,1,0.05,27812
4371,103,3,1,0.05,27812
4372,99,6,1,0.05,27813
4373,136,19,1,0.05,27813
4374,95,19,1,0.05,27817
4375,99,7,1,0.05,27818
4376,101,18,1,0.05,27819
4377,100,1,1,0.05,27819
4378,126,14,1,0.05,27819
4379,46,33,1,0.05,27825
4380,82,16,1,0.05,27827
4381,122,15,1,0.05,27829
4382,101,2,1,0.05,27829
4383,122,15,1,0.05,27829
4384,109,14,1,0.05,27829
4385,112,7,1,0.05,27829
4386,102,17,1,0.05,27834
4387,129,17,1,0.05,27834
4388,115,9,1,0.05,27834
4389,101,2,1,0.05,27835
4390,113,9,1,0.05,27835
4391,92,27,1,0.05,27839
4392,105,31,1,0.05,27842
4393,101,6,1,0.05,27843
4394,116,17,1,0.05,27845
4395,69,23,1,0.05,27845
4396,110,6,1,0.05,27845
4397,96,14,1,0.05,27846
4398,116,9,1,0.05,27846
4399,126,33,1,0.05,27851
4400,118,23,1,0.05,27859
4401,105,7,1,0.05,27860
4402,99,8,1,0.05,27862
4403,98,6,1,0.05,27862
4404,128,15,1,0.05,27862
4405,124,15,1,0.05,27862
4406,110,6,1,0.05,27862
4407,94,15,1,0.05,27868
4408,89,14,1,0.05,27869
4409,108,5,1,0.05,27869
4410,113,8,1,0.05,27869
4411,109,6,1,0.05,27869
4412,121,13,1,0.05,27869
4413,101,15,1,0.05,27869
4414,101,15,1,0.05,27872
4415,118,13,1,0.05,27873
4416,109,26,1,0.05,27876
4417,102,2,1,0.05,27876
4418,106,24,1,0.05,27879
4419,119,17,1,0.05,27879
4420,111,19,1,0.05,27884
4421,120,32,1,0.05,27889
4422,101,12,1,0.05,27890
4423,96,11,1,0.05,27890
4424,103,17,1,0.05,27893
4425,119,16,1,0.05,27893
4426,102,7,1,0.05,27894
4427,109,6,1,0.05,27894
4428,109,7,1,0.05,27894
4429,126,15,1,0.05,27894
4430,111,7,1,0.05,27894
4431,120,16,1,0.05,27895
4432,98,16,1,0.05,27899
4433,106,4,1,0.05,27899
4434,86,18,1,0.05,27902
4435,105,22,1,0.05,27904
4436,118,13,1,0.05,27904
4437,124,18,1,0.05,27905
4438,107,10,1,0.05,27906
4439,98,21,1,0.05,27911
4440,60,35,1,0.05,27913
4441,103,20,1,0.05,27915
4442,108,21,1,0.05,27916
4443,104,21,1,0.05,27918
4444,94,18,1,0.05,27921
4445,105,26,1,0.05,27922
4446,107,12,1,0.05,27922
4447,112,12,1,0.05,27922
4448,103,14,1,0.05,27925
4449,46,34,1,0.05,27936
4450,116,12,1,0.05,27936
4451,101,6,1,0.05,27936
4452,72,30,1,0.05,27944
4453,102,2,1,0.05,27944
4454,85,23,1,0.05,27948
4455,96,19,1,0.05,27950
4456,94,19,1,0.05,27954
4457,103,14,1,0.05,27956
4458,93,21,1,0.05,27958
4459,108,18,1,0.05,27959
4460,98,11,1,0.05,27961
4461,117,10,1,0.05,27961
4462,113,8,1,0.05,27961
4463,113,9,1,0.05,27962
4464,74,31,1,0.05,27964
4465,108,5,1,0.05,27964
4466,108,8,1,0.05,27964
4467,102,10,1,0.05,27965
4468,110,16,1,0.05,27965
4469,100,6,1,0.05,27965
4470,102,12,1,0.05,27967
4471,107,11,1,0.05,27967
4472,81,18,1,0.05,27973
4473,131,24,1,0.05,27978
4474,102,5,1,0.05,27978
4475,113,8,1,0.05,27979
4476,117,10,1,0.05,27979
4477,109,10,1,0.05,27979
4478,112,17,1,0.05,27980
4479,105,4,1,0.05,27980
4480,102,10,1,0.05,27982
4481,90,44,1,0.05,27993
4482,115,10,1,0.05,27993
4483,96,3,1,0.05,27994
4484,105,16,1,0.05,27995
4485,112,8,1,0.05,27996
4486,106,9,1,0.05,27998
4487,111,13,1,0.05,27998
4488,105,11,1,0.05,27998
4489,89,11,1,0.05,28000
4490,113,8,1,0.05,28000
4491,86,21,1,0.05,28005
4492,58,37,1,0.05,28011
4493,105,4,1,0.05,28011
4494,88,17,1,0.05,28013
4495,92,21,1,0.05,28018
4496,108,9,1,0.05,28018
4497,106,4,1,0.05,28018
4498,100,1,1,0.05,28018
4499,115,18,1,0.05,28020
4500,98,21,1,0.05,28026
4501,64,29,1,0.05,28031
4502,59,28,1,0.05,28035
4503,120,15,1,0.05,28036
4504,119,12,1,0.05,28036
4505,109,6,1,0.05,28037
4506,81,37,1,0.05,28042
4507,112,16,1,0.05,28042
4508,98,13,1,0.05,28042
4509,97,6,1,0.05,28042
4510,96,8,1,0.05,28043
4511,110,9,1,0.05,28043
4512,114,20,1,0.05,28044
4513,90,22,1,0.05,28046
4514,104,23,1,0.05,28047
4515,100,14,1,0.05,28047
4516,114,8,1,0.05,28047
4517,111,8,1,0.05,28047
4518,120,15,1,0.05,28050
4519,108,10,1,0.05,28052
4520,105,4,1,0.05,28052
4521,97,22,1,0.05,28055
4522,123,25,1,0.05,28057
4523,90,30,1,0.05,28063
4524,100,1,1,0.05,28063
4525,89,30,1,0.05,28069
4526,62,18,1,0.05,28071
4527,122,13,1,0.05,28071
4528,100,14,1,0.05,28072
4529,100,12,1,0.05,28073
4530,119,11,1,0.05,28073
4531,126,24,1,0.05,28076
4532,104,3,1,0.05,28076
4533,99,4,1,0.05,28077
4534,112,13,1,0.05,28079
4535,125,16,1,0.05,28079
4536,74,28,1,0.05,28085
4537,116,11,1,0.05,28085
4538,102,8,1,0.05,28085
4539,93,9,1,0.05,28087
4540,95,12,1,0.05,28088
4541,76,31,1,0.05,28093
4542,60,19,1,0.05,28096
4543,81,29,1,0.05,28101
4544,95,24,1,0.05,28102
4545,100,1,1,0.05,28102
4546,96,26,1,0.05,28107
4547,115,10,1,0.05,28107
4548,114,8,1,0.05,28107
4549,100,8,1,0.05,28108
4550,100,1,1,0.05,28108
4551,113,8,1,0.05,28108
4552,113,9,1,0.05,28108
4553,115,9,1,0.05,28108
4554,105,8,1,0.05,28108
4555,108,8,1,0.05,28108
4556,105,4,1,0.05,28108
4557,110,6,1,0.05,28109
4558,116,9,1,0.05,28109
4559,109,10,1,0.05,28111
4560,102,2,1,0.05,28111
4561,131,25,1,0.05,28112
4562,100,1,1,0.05,28112
4563,110,6,1,0.05,28112
4564,105,19,1,0.05,28114
4565,113,20,1,0.05,28116
4566,108,24,1,0.05,28118
4567,113,30,1,0.05,28120
4568,110,6,1,0.05,28120
4569,118,12,1,0.05,28120
4570,113,13,1,0.05,28120
4571,78,11,1,0.05,28122
4572,108,5,1,0.05,28122
4573,101,2,1,0.05,28122
4574,119,13,1,0.05,28122
4575,129,24,1,0.05,28123
4576,65,15,1,0.05,28126
4577,100,9,1,0.05,28127
4578,104,10,1,0.05,28127
4579,102,2,1,0.05,28127
4580,105,4,1,0.05,28127
4581,118,11,1,0.05,28128
4582,111,7,1,0.05,28128
4583,102,2,1,0.05,28128
4584,74,28,1,0.05,28138
4585,102,15,1,0.05,28138
4586,125,15,1,0.05,28138
4587,95,13,1,0.05,28142
4588,80,27,1,0.05,28148
4589,100,1,1,0.05,28148
4590,95,15,1,0.05,28151
4591,112,7,1,0.05,28151
4592,106,4,1,0.05,28151
4593,102,2,1,0.05,28151
4594,106,10,1,0.05,28151
4595,110,7,1,0.05,28151
4596,103,15,1,0.05,28153
4597,112,9,1,0.05,28153
4598,86,18,1,0.05,28157
4599,105,22,1,0.05,28159
4600,108,5,1,0.05,28159
4601,114,13,1,0.05,28159
4602,86,19,1,0.05,28161
4603,102,23,1,0.05,28163
4604,82,17,1,0.05,28167
4605,102,2,1,0.05,28167
4606,109,14,1,0.05,28169
4607,107,29,1,0.05,28171
4608,85,29,1,0.05,28177
4609,118,10,1,0.05,28177
4610,106,4,1,0.05,28177
4611,92,19,1,0.05,28179
4612,86,14,1,0.05,28181
4613,127,16,1,0.05,28181
4614,120,12,1,0.05,28181
4615,106,16,1,0.05,28182
4616,112,7,1,0.05,28182
4617,85,34,1,0.05,28189
4618,102,5,1,0.05,28190
4619,83,13,1,0.05,28192
4620,106,21,1,0.05,28192
4621,117,19,1,0.05,28193
4622,17,50,1,0.05,28197
4623,108,15,1,0.05,28199
4624,98,5,1,0.05,28202
4625,104,11,1,0.05,28202
4626,118,15,1,0.05,28203
4627,66,19,1,0.05,28209
4628,114,8,1,0.05,28209
4629,104,3,1,0.05,28209
4630,104,4,1,0.05,28209
4631,64,31,1,0.05,28216
4632,121,15,1,0.05,28216
4633,124,15,1,0.05,28216
4634,53,13,1,0.05,28220
4635,127,24,1,0.05,28220
4636,81,23,1,0.05,28224
4637,103,10,1,0.05,28225
4638,120,11,1,0.05,28225
4639,112,13,1,0.05,28226
4640,118,20,1,0.05,28229
4641,110,9,1,0.05,28229
4642,99,15,1,0.05,28233
4643,126,15,1,0.05,28234
4644,60,20,1,0.05,28239
4645,82,32,1,0.05,28244
4646,114,12,1,0.05,28246
4647,121,12,1,0.05,28246
4648,90,15,1,0.05,28249
4649,119,12,1,0.05,28251
4650,125,28,1,0.05,28252
4651,105,22,1,0.05,28254
4652,78,22,1,0.05,28255
4653,94,16,1,0.05,28256
4654,106,6,1,0.05,28256
4655,54,21,1,0.05,28261
4656,106,10,1,0.05,28264
4657,86,19,1,0.05,28268
4658,95,11,1,0.05,28270
4659,59,30,1,0.05,28275
4660,112,8,1,0.05,28275
4661,128,19,1,0.05,28275
4662,108,8,1,0.05,28275
4663,105,5,1,0.05,28275
4664,110,14,1,0.05,28277
4665,104,15,1,0.05,28279
4666,111,7,1,0.05,28279
4667,97,13,1,0.05,28281
4668,77,22,1,0.05,28285
4669,121,12,1,0.05,28285
4670,74,13,1,0.05,28290
4671,89,19,1,0.05,28292
4672,100,1,1,0.05,28292
4673,92,14,1,0.05,28295
4674,100,17,1,0.05,28296
4675,104,3,1,0.05,28296
4676,27,26,1,0.05,28304
4677,98,6,1,0.05,28304
4678,118,16,1,0.05,28305
4679,105,15,1,0.05,28305
4680,117,10,1,0.05,28305
4681,95,37,1,0.05,28315
4682,89,11,1,0.05,28315
4683,116,9,1,0.05,28315
4684,114,15,1,0.05,28317
4685,115,9,1,0.05,28317
4686,116,12,1,0.05,28317
4687,108,22,1,0.05,28317
4688,110,7,1,0.05,28317
4689,79,19,1,0.05,28322
4690,112,15,1,0.05,28324
4691,111,11,1,0.05,28324
4692,108,5,1,0.05,28324
4693,112,12,1,0.05,28327
4694,101,8,1,0.05,28328
4695,104,3,1,0.05,28328
4696,107,6,1,0.05,28328
4697,12,33,1,0.05,28338
4698,86,12,1,0.05,28339
4699,63,38,1,0.05,28349
4700,103,6,1,0.05,28349
4701,123,24,1,0.05,28352
4702,47,35,1,0.05,28356
4703,104,24,1,0.05,28356
4704,117,17,1,0.05,28358
4705,74,20,1,0.05,28359
4706,102,2,1,0.05,28359
4707,104,3,1,0.05,28359
4708,113,15,1,0.05,28364
4709,107,8,1,0.05,28365
4710,102,8,1,0.05,28366
4711,115,23,1,0.05,28371
4712,104,17,1,0.05,28376
4713,81,34,1,0.05,28381
4714,108,5,1,0.05,28381
4715,65,21,1,0.05,28385
4716,102,25,1,0.05,28388
4717,123,22,1,0.05,28388
4718,124,13,1,0.05,28388
4719,108,25,1,0.05,28389
4720,115,9,1,0.05,28389
4721,115,9,1,0.05,28389
4722,100,19,1,0.05,28393
4723,109,13,1,0.05,28394
4724,110,6,1,0.05,28394
4725,118,12,1,0.05,28394
4726,100,1,1,0.05,28394
4727,100,1,1,0.05,28394
4728,78,20,1,0.05,28401
4729,101,13,1,0.05,28401
4730,99,25,1,0.05,28405
4731,104,3,1,0.05,28405
4732,110,6,1,0.05,28405
4733,92,19,1,0.05,28411
4734,104,4,1,0.05,28411
4735,123,17,1,0.05,28411
4736,101,24,1,0.05,28417
4737,98,5,1,0.05,28419
4738,113,13,1,0.05,28419
4739,67,31,1,0.05,28423
4740,116,9,1,0.05,28424
4741,114,28,1,0.05,28425
4742,142,24,1,0.05,28425
4743,104,3,1,0.05,28425
4744,109,6,1,0.05,28425
4745,105,4,1,0.05,28425
4746,106,7,1,0.05,28426
4747,107,5,1,0.05,28426
4748,113,8,1,0.05,28427
4749,115,22,1,0.05,28430
4750,101,11,1,0.05,28431
4751,101,12,1,0.05,28431
4752,70,28,1,0.05,28434
4753,93,19,1,0.05,28437
4754,125,15,1,0.05,28437
4755,90,19,1,0.05,28441
4756,82,40,1,0.05,28444
4757,122,18,1,0.05,28444
4758,114,8,1,0.05,28444
4759,100,1,1,0.05,28444
4760,107,5,1,0.05,28444
4761,96,8,1,0.05,28446
4762,130,18,1,0.05,28446
4763,111,10,1,0.05,28446
4764,108,18,1,0.05,28447
4765,83,14,1,0.05,28449
4766,112,21,1,0.05,28449
4767,113,20,1,0.05,28450
4768,101,11,1,0.05,28451
4769,102,12,1,0.05,28455
4770,91,20,1,0.05,28459
4771,102,2,1,0.05,28459
4772,94,9,1,0.05,28460
4773,100,8,1,0.05,28460
4774,96,14,1,0.05,28465
4775,96,12,1,0.05,28467
4776,111,11,1,0.05,28467
4777,106,24,1,0.05,28472
4778,123,13,1,0.05,28472
4779,94,10,1,0.05,28474
4780,96,8,1,0.05,28474
4781,89,37,1,0.05,28480
4782,114,20,1,0.05,28480
4783,95,11,1,0.05,28482
4784,100,1,1,0.05,28482
4785,76,32,1,0.05,28488
4786,121,25,1,0.05,28492
4787,108,11,1,0.05,28493
4788,114,9,1,0.05,28494
4789,107,8,1,0.05,28494
4790,110,6,1,0.05,28494
4791,99,22,1,0.05,28496
4792,113,9,1,0.05,28496
4793,89,25,1,0.05,28502
4794,106,4,1,0.05,28502
4795,113,14,1,0.05,28503
4796,110,6,1,0.05,28503
4797,107,5,1,0.05,28503
4798,109,9,1,0.05,28505
4799,116,13,1,0.05,28506
4800,111,14,1,0.05,28507
4801,116,13,1,0.05,28507
4802,118,13,1,0.05,28509
4803,122,19,1,0.05,28510
4804,117,13,1,0.05,28510
4805,147,26,1,0.05,28510
4806,111,7,1,0.05,28510
4807,110,8,1,0.05,28510
4808,82,35,1,0.05,28517
4809,73,24,1,0.05,28521
4810,111,9,1,0.05,28521
4811,96,6,1,0.05,28523
4812,101,9,1,0.05,28523
4813,103,23,1,0.05,28527
4814,109,11,1,0.05,28527
4815,110,6,1,0.05,28527
4816,130,19,1,0.05,28528
4817,102,2,1,0.05,28528
4818,112,19,1,0.05,28531
4819,118,20,1,0.05,28531
4820,109,6,1,0.05,28531
4821,93,25,1,0.05,28535
4822,111,13,1,0.05,28535
4823,108,21,1,0.05,28536
4824,86,25,1,0.05,28540
4825,108,9,1,0.05,28540
4826,102,2,1,0.05,28540
4827,110,8,1,0.05,28540
4828,100,1,1,0.05,28540
4829,108,5,1,0.05,28540
4830,77,18,1,0.05,28542
4831,100,6,1,0.05,28542
4832,121,12,1,0.05,28542
4833,98,21,1,0.05,28543
4834,43,33,1,0.05,28549
4835,109,12,1,0.05,28549
4836,112,18,1,0.05,28549
4837,66,30,1,0.05,28554
4838,112,12,1,0.05,28554
4839,113,11,1,0.05,28554
4840,91,13,1,0.05,28555
4841,104,21,1,0.05,28555
4842,97,14,1,0.05,28557
4843,119,11,1,0.05,28557
4844,108,5,1,0.05,28557
4845,104,7,1,0.05,28557
4846,114,8,1,0.05,28557
4847,96,11,1,0.05,28557
4848,131,18,1,0.05,28557
4849,101,6,1,0.05,28557
4850,144,24,1,0.05,28557
4851,63,25,1,0.05,28563
4852,105,8,1,0.05,28564
4853,94,14,1,0.05,28565
4854,132,23,1,0.05,28565
4855,107,19,1,0.05,28566
4856,104,3,1,0.05,28566
4857,111,8,1,0.05,28566
4858,110,15,1,0.05,28566
4859,112,9,1,0.05,28566
4860,88,13,1,0.05,28568
4861,113,8,1,0.05,28568
4862,104,4,1,0.05,28568
4863,96,31,1,0.05,28572
4864,115,21,1,0.05,28574
4865,108,5,1,0.05,28574
4866,108,23,1,0.05,28576
4867,107,11,1,0.05,28579
4868,120,11,1,0.05,28579
4869,106,6,1,0.05,28579
4870,96,14,1,0.05,28584
4871,104,3,1,0.05,28585
4872,117,12,1,0.05,28586
4873,106,4,1,0.05,28586
4874,100,1,1,0.05,28586
4875,126,17,1,0.05,28589
4876,108,8,1,0.05,28589
4877,105,23,1,0.05,28589
4878,88,7,1,0.05,28590
4879,102,17,1,0.05,28594
4880,106,16,1,0.05,28595
4881,100,18,1,0.05,28598
4882,96,14,1,0.05,28601
4883,110,24,1,0.05,28604
4884,97,28,1,0.05,28608
4885,84,24,1,0.05,28613
4886,114,16,1,0.05,28615
4887,123,14,1,0.05,28615
4888,102,3,1,0.05,28615
4889,115,9,1,0.05,28615
4890,111,20,1,0.05,28617
4891,121,15,1,0.05,28617
4892,112,13,1,0.05,28618
4893,103,3,1,0.05,28618
4894,112,12,1,0.05,28619
4895,78,40,1,0.05,28628
4896,120,16,1,0.05,28628
4897,95,24,1,0.05,28631
4898,113,18,1,0.05,28634
4899,101,2,1,0.05,28634
4900,90,18,1,0.05,28639
4901,102,2,1,0.05,28639
4902,101,14,1,0.05,28641
4903,78,16,1,0.05,28647
4904,68,28,1,0.05,28651
4905,105,23,1,0.05,28653
4906,102,22,1,0.05,28655
4907,118,10,1,0.05,28655
4908,109,6,1,0.05,28655
4909,118,10,1,0.05,28655
4910,132,17,1,0.05,28655
4911,116,10,1,0.05,28655
4912,106,12,1,0.05,28656
4913,113,10,1,0.05,28657
4914,59,33,1,0.05,28664
4915,122,20,1,0.05,28666
4916,111,17,1,0.05,28668
4917,113,11,1,0.05,28669
4918,106,4,1,0.05,28669
4919,122,13,1,0.05,28669
4920,120,16,1,0.05,28669
4921,112,7,1,0.05,28669
4922,102,2,1,0.05,28669
4923,100,13,1,0.05,28671
4924,102,32,1,0.05,28672
4925,126,16,1,0.05,28673
4926,86,7,1,0.05,28674
4927,113,12,1,0.05,28675
4928,100,16,1,0.05,28676
4929,92,7,1,0.05,28677
4930,101,14,1,0.05,28678
4931,94,27,1,0.05,28681
4932,78,6,1,0.05,28682
4933,114,10,1,0.05,28682
4934,131,18,1,0.05,28682
4935,109,6,1,0.05,28682
4936,74,19,1,0.05,28686
4937,122,12,1,0.05,28686
4938,120,12,1,0.05,28688
4939,126,16,1,0.05,28688
4940,111,17,1,0.05,28691
4941,114,11,1,0.05,28691
4942,67,35,1,0.05,28698
4943,120,19,1,0.05,28700
4944,100,1,1,0.05,28700
4945,107,5,1,0.05,28700
4946,88,11,1,0.05,28703
4947,123,18,1,0.05,28705
4948,117,13,1,0.05,28708
4949,105,7,1,0.05,28709
4950,117,13,1,0.05,28709
4951,102,7,1,0.05,28709
4952,122,34,1,0.05,28715
4953,95,19,1,0.05,28717
4954,118,10,1,0.05,28717
4955,95,26,1,0.05,28719
4956,110,9,1,0.05,28719
4957,20,41,1,0.05,28724
4958,108,5,1,0.05,28724
4959,115,20,1,0.05,28724
4960,116,9,1,0.05,28724
4961,109,6,1,0.05,28724
4962,122,19,1,0.05,28725
4963,108,9,1,0.05,28727
4964,94,16,1,0.05,28729
4965,122,15,1,0.05,28729
4966,98,20,1,0.05,28733
4967,106,19,1,0.05,28734
4968,77,23,1,0.05,28740
4969,92,14,1,0.05,28742
4970,112,8,1,0.05,28742
4971,118,10,1,0.05,28742
4972,104,18,1,0.05,28742
4973,127,22,1,0.05,28744
4974,117,10,1,0.05,28744
4975,135,20,1,0.05,28744
4976,111,17,1,0.05,28746
4977,112,7,1,0.05,28746
4978,132,20,1,0.05,28746
4979,108,5,1,0.05,28746
4980,118,11,1,0.05,28746
4981,101,2,1,0.05,28746
4982,67,26,1,0.05,28753
4983,107,5,1,0.05,28753
4984,106,12,1,0.05,28754
4985,44,34,1,0.05,28760
4986,88,11,1,0.05,28763
4987,108,8,1,0.05,28763
4988,108,8,1,0.05,28763
4989,122,13,1,0.05,28763
4990,135,25,1,0.05,28763
4991,100,3,1,0.05,28763
4992,114,15,1,0.05,28764
4993,122,17,1,0.05,28766
4994,109,6,1,0.05,28766
4995,35,34,1,0.05,28776
4996,107,16,1,0.05,28780
4997,102,11,1,0.05,28780
4998,76,21,1,0.05,28783
4999,103,30,1,0.05,28788
5000,117,16,1,0.05,28789
